tick,active_gpu_count,active_cpu_cores,active_mem_gib
0,3.0,36.0,360.0
1,3.0,36.0,360.0
2,4.0,44.0,400.0
3,4.0,44.0,400.0
4,4.0,44.0,400.0
5,4.0,44.0,400.0
6,2.0,20.0,160.0
7,1.0,8.0,40.0
8,1.0,8.0,40.0
9,1.0,8.0,40.0
10,1.0,8.0,40.0
11,1.0,8.0,40.0
12,1.0,8.0,40.0
13,1.0,8.0,40.0
14,1.0,8.0,40.0
15,1.0,8.0,40.0
16,1.0,8.0,40.0
17,3.0,24.0,120.0
18,3.0,24.0,120.0
19,3.0,24.0,120.0
20,3.0,24.0,120.0
21,3.0,24.0,120.0
22,3.0,24.0,120.0
23,3.0,24.0,120.0
24,3.0,24.0,120.0
25,3.0,24.0,120.0
26,3.0,24.0,120.0
27,3.0,24.0,120.0
28,3.0,24.0,120.0
29,3.0,24.0,120.0
30,3.0,24.0,120.0
31,3.0,24.0,120.0
32,3.0,24.0,120.0
33,3.0,24.0,120.0
34,3.0,24.0,120.0
35,3.0,24.0,120.0
36,3.0,24.0,120.0
37,3.0,24.0,120.0
38,3.0,24.0,120.0
39,5.0,44.0,200.0
40,5.0,44.0,200.0
41,5.0,44.0,200.0
42,4.0,36.0,160.0
43,3.0,28.0,120.0
44,3.0,28.0,120.0
45,3.0,28.0,120.0
46,3.0,28.0,120.0
47,3.0,28.0,120.0
48,3.0,28.0,120.0
49,3.0,28.0,120.0
50,3.0,28.0,120.0
51,3.0,28.0,120.0
52,3.0,28.0,120.0
53,3.0,28.0,120.0
54,3.0,28.0,120.0
55,3.0,28.0,120.0
56,3.0,28.0,120.0
57,3.0,28.0,120.0
58,3.0,28.0,120.0
59,3.0,28.0,120.0
60,3.0,28.0,120.0
61,3.0,28.0,120.0
62,3.0,28.0,120.0
63,3.0,28.0,120.0
64,3.0,28.0,120.0
65,2.0,20.0,80.0
66,2.0,20.0,80.0
67,2.0,20.0,80.0
68,2.0,20.0,80.0
69,2.0,20.0,80.0
70,2.0,20.0,80.0
71,2.0,20.0,80.0
72,2.0,20.0,80.0
73,2.0,20.0,80.0
74,2.0,20.0,80.0
75,2.0,20.0,80.0
76,2.0,20.0,80.0
77,2.0,20.0,80.0
78,2.0,20.0,80.0
79,2.0,20.0,80.0
80,2.0,20.0,80.0
81,2.0,20.0,80.0
82,2.0,20.0,80.0
83,2.0,20.0,80.0
84,2.0,20.0,80.0
85,2.0,20.0,80.0
86,2.0,20.0,80.0
87,2.0,20.0,80.0
88,2.0,20.0,80.0
89,2.0,20.0,80.0
90,2.0,20.0,80.0
91,2.0,20.0,80.0
92,2.0,20.0,80.0
93,2.0,20.0,80.0
94,3.0,28.0,120.0
95,4.0,36.0,160.0
96,4.0,36.0,160.0
97,4.0,36.0,160.0
98,4.0,36.0,160.0
99,4.0,36.0,160.0
100,4.0,36.0,160.0
101,4.0,36.0,160.0
102,4.0,36.0,160.0
103,4.0,36.0,160.0
104,4.0,36.0,160.0
105,4.0,36.0,160.0
106,4.0,36.0,160.0
107,4.0,36.0,160.0
108,4.0,36.0,160.0
109,4.0,36.0,160.0
110,4.0,36.0,160.0
111,4.0,36.0,160.0
112,5.0,44.0,200.0
113,6.0,52.0,240.0
114,6.0,52.0,240.0
115,6.0,52.0,240.0
116,6.0,52.0,240.0
117,6.0,52.0,240.0
118,6.0,52.0,240.0
119,6.0,52.0,240.0
120,6.0,52.0,240.0
121,6.0,52.0,240.0
122,6.0,52.0,240.0
123,6.0,52.0,240.0
124,6.0,52.0,240.0
125,6.0,52.0,240.0
126,6.0,52.0,240.0
127,6.0,52.0,240.0
128,6.0,52.0,240.0
129,6.0,52.0,240.0
130,6.0,52.0,240.0
131,7.0,60.0,280.0
132,7.0,60.0,280.0
133,6.0,52.0,240.0
134,6.0,52.0,240.0
135,6.0,52.0,240.0
136,7.0,64.0,360.0
137,7.0,64.0,360.0
138,7.0,64.0,360.0
139,6.0,52.0,240.0
140,6.0,52.0,240.0
141,6.0,52.0,240.0
142,6.0,52.0,240.0
143,6.0,52.0,240.0
144,6.0,52.0,240.0
145,6.0,52.0,240.0
146,6.0,52.0,240.0
147,6.0,52.0,240.0
148,6.0,52.0,240.0
149,7.0,60.0,280.0
150,7.0,60.0,280.0
151,7.0,60.0,280.0
152,7.0,60.0,280.0
153,7.0,60.0,280.0
154,7.0,60.0,280.0
155,7.0,60.0,280.0
156,7.0,60.0,280.0
157,7.0,60.0,280.0
158,7.0,60.0,280.0
159,7.0,60.0,280.0
160,7.0,60.0,280.0
161,7.0,60.0,280.0
162,10.0,84.0,400.0
163,10.0,84.0,400.0
164,10.0,84.0,400.0
165,10.0,84.0,400.0
166,10.0,84.0,400.0
167,10.0,84.0,400.0
168,11.0,92.0,440.0
169,11.0,92.0,440.0
170,11.0,92.0,440.0
171,11.0,92.0,440.0
172,15.0,132.0,760.0
173,15.0,132.0,760.0
174,15.0,132.0,760.0
175,15.0,132.0,760.0
176,15.0,132.0,760.0
177,15.0,132.0,760.0
178,13.0,108.0,520.0
179,13.0,108.0,520.0
180,13.0,108.0,520.0
181,13.0,108.0,520.0
182,13.0,108.0,520.0
183,13.0,108.0,520.0
184,13.0,108.0,520.0
185,13.0,108.0,520.0
186,13.0,108.0,520.0
187,13.0,108.0,520.0
188,13.0,108.0,520.0
189,13.0,108.0,520.0
190,13.0,108.0,520.0
191,13.0,108.0,520.0
192,13.0,108.0,520.0
193,13.0,108.0,520.0
194,13.0,108.0,520.0
195,13.0,108.0,520.0
196,15.0,132.0,760.0
197,15.0,132.0,760.0
198,15.0,132.0,760.0
199,15.0,132.0,760.0
200,15.0,132.0,760.0
201,15.0,132.0,760.0
202,15.0,132.0,760.0
203,15.0,132.0,760.0
204,15.0,132.0,760.0
205,15.0,132.0,760.0
206,15.0,132.0,760.0
207,15.0,132.0,760.0
208,15.0,132.0,760.0
209,15.0,132.0,760.0
210,16.0,144.0,880.0
211,16.0,144.0,880.0
212,16.0,144.0,880.0
213,16.0,144.0,880.0
214,15.0,132.0,760.0
215,15.0,132.0,760.0
216,15.0,132.0,760.0
217,15.0,132.0,760.0
218,15.0,132.0,760.0
219,15.0,132.0,760.0
220,15.0,132.0,760.0
221,14.0,120.0,640.0
222,14.0,120.0,640.0
223,14.0,120.0,640.0
224,14.0,120.0,640.0
225,14.0,120.0,640.0
226,14.0,120.0,640.0
227,14.0,120.0,640.0
228,14.0,120.0,640.0
229,14.0,120.0,640.0
230,15.0,132.0,760.0
231,15.0,132.0,760.0
232,14.0,120.0,640.0
233,14.0,120.0,640.0
234,14.0,120.0,640.0
235,14.0,120.0,640.0
236,14.0,120.0,640.0
237,14.0,120.0,640.0
238,14.0,120.0,640.0
239,14.0,120.0,640.0
240,14.0,120.0,640.0
241,14.0,120.0,640.0
242,14.0,120.0,640.0
243,14.0,120.0,640.0
244,14.0,120.0,640.0
245,15.0,132.0,760.0
246,15.0,132.0,760.0
247,15.0,132.0,760.0
248,14.0,120.0,640.0
249,14.0,120.0,640.0
250,14.0,120.0,640.0
251,14.0,120.0,640.0
252,14.0,120.0,640.0
253,14.0,120.0,640.0
254,14.0,120.0,640.0
255,13.0,108.0,520.0
256,13.0,108.0,520.0
257,13.0,108.0,520.0
258,13.0,108.0,520.0
259,13.0,108.0,520.0
260,13.0,108.0,520.0
261,14.0,120.0,640.0
262,13.0,108.0,520.0
263,13.0,108.0,520.0
264,13.0,108.0,520.0
265,13.0,108.0,520.0
266,13.0,108.0,520.0
267,13.0,108.0,520.0
268,13.0,108.0,520.0
269,13.0,108.0,520.0
270,13.0,108.0,520.0
271,13.0,108.0,520.0
272,13.0,108.0,520.0
273,13.0,108.0,520.0
274,13.0,108.0,520.0
275,13.0,108.0,520.0
276,13.0,108.0,520.0
277,13.0,108.0,520.0
278,13.0,108.0,520.0
279,13.0,108.0,520.0
280,14.0,116.0,560.0
281,14.0,116.0,560.0
282,14.0,116.0,560.0
283,14.0,116.0,560.0
284,14.0,116.0,560.0
285,14.0,116.0,560.0
286,14.0,116.0,560.0
287,14.0,116.0,560.0
288,14.0,116.0,560.0
289,14.0,116.0,560.0
290,14.0,116.0,560.0
291,14.0,116.0,560.0
292,14.0,116.0,560.0
293,16.0,132.0,640.0
294,16.0,132.0,640.0
295,16.0,132.0,640.0
296,19.0,156.0,760.0
297,21.0,172.0,840.0
298,23.0,196.0,1080.0
299,23.0,196.0,1080.0
300,23.0,196.0,1080.0
301,23.0,196.0,1080.0
302,23.0,196.0,1080.0
303,23.0,196.0,1080.0
304,23.0,196.0,1080.0
305,22.0,188.0,1040.0
306,22.0,188.0,1040.0
307,22.0,188.0,1040.0
308,22.0,188.0,1040.0
309,23.0,200.0,1160.0
310,23.0,200.0,1160.0
311,23.0,200.0,1160.0
312,22.0,188.0,1040.0
313,22.0,188.0,1040.0
314,24.0,204.0,1120.0
315,24.0,204.0,1120.0
316,22.0,188.0,1040.0
317,22.0,188.0,1040.0
318,22.0,188.0,1040.0
319,22.0,188.0,1040.0
320,22.0,188.0,1040.0
321,22.0,188.0,1040.0
322,22.0,188.0,1040.0
323,23.0,196.0,1080.0
324,23.0,196.0,1080.0
325,23.0,196.0,1080.0
326,23.0,196.0,1080.0
327,23.0,196.0,1080.0
328,23.0,196.0,1080.0
329,23.0,196.0,1080.0
330,23.0,196.0,1080.0
331,23.0,196.0,1080.0
332,24.0,208.0,1200.0
333,24.0,208.0,1200.0
334,24.0,208.0,1200.0
335,22.0,184.0,960.0
336,21.0,176.0,920.0
337,21.0,176.0,920.0
338,21.0,176.0,920.0
339,21.0,176.0,920.0
340,21.0,176.0,920.0
341,21.0,176.0,920.0
342,21.0,176.0,920.0
343,21.0,176.0,920.0
344,21.0,176.0,920.0
345,21.0,176.0,920.0
346,22.0,184.0,960.0
347,22.0,184.0,960.0
348,22.0,184.0,960.0
349,22.0,184.0,960.0
350,22.0,184.0,960.0
351,22.0,184.0,960.0
352,22.0,184.0,960.0
353,20.0,168.0,880.0
354,20.0,168.0,880.0
355,20.0,168.0,880.0
356,20.0,168.0,880.0
357,20.0,168.0,880.0
358,20.0,168.0,880.0
359,20.0,168.0,880.0
360,20.0,168.0,880.0
361,20.0,168.0,880.0
362,20.0,168.0,880.0
363,20.0,168.0,880.0
364,20.0,168.0,880.0
365,20.0,168.0,880.0
366,20.0,168.0,880.0
367,20.0,168.0,880.0
368,20.0,168.0,880.0
369,20.0,168.0,880.0
370,20.0,168.0,880.0
371,20.0,168.0,880.0
372,20.0,168.0,880.0
373,20.0,168.0,880.0
374,20.0,168.0,880.0
375,20.0,168.0,880.0
376,20.0,168.0,880.0
377,20.0,168.0,880.0
378,20.0,168.0,880.0
379,20.0,168.0,880.0
380,21.0,180.0,1000.0
381,20.0,168.0,880.0
382,20.0,168.0,880.0
383,20.0,168.0,880.0
384,20.0,168.0,880.0
385,20.0,168.0,880.0
386,20.0,168.0,880.0
387,20.0,168.0,880.0
388,20.0,168.0,880.0
389,20.0,168.0,880.0
390,20.0,168.0,880.0
391,20.0,168.0,880.0
392,20.0,168.0,880.0
393,20.0,168.0,880.0
394,20.0,168.0,880.0
395,20.0,168.0,880.0
396,20.0,168.0,880.0
397,20.0,168.0,880.0
398,20.0,168.0,880.0
399,20.0,168.0,880.0
400,20.0,168.0,880.0
401,21.0,180.0,1000.0
402,21.0,180.0,1000.0
403,21.0,180.0,1000.0
404,21.0,180.0,1000.0
405,21.0,180.0,1000.0
406,21.0,180.0,1000.0
407,21.0,180.0,1000.0
408,22.0,192.0,1120.0
409,22.0,192.0,1120.0
410,21.0,180.0,1000.0
411,22.0,192.0,1120.0
412,24.0,216.0,1360.0
413,23.0,204.0,1240.0
414,23.0,204.0,1240.0
415,23.0,204.0,1240.0
416,23.0,204.0,1240.0
417,23.0,204.0,1240.0
418,23.0,204.0,1240.0
419,23.0,204.0,1240.0
420,23.0,204.0,1240.0
421,23.0,204.0,1240.0
422,21.0,180.0,1000.0
423,21.0,180.0,1000.0
424,21.0,180.0,1000.0
425,21.0,180.0,1000.0
426,21.0,180.0,1000.0
427,21.0,180.0,1000.0
428,21.0,180.0,1000.0
429,21.0,180.0,1000.0
430,21.0,180.0,1000.0
431,21.0,180.0,1000.0
432,21.0,180.0,1000.0
433,21.0,180.0,1000.0
434,21.0,180.0,1000.0
435,21.0,180.0,1000.0
436,21.0,180.0,1000.0
437,21.0,180.0,1000.0
438,23.0,204.0,1240.0
439,23.0,204.0,1240.0
440,23.0,204.0,1240.0
441,21.0,180.0,1000.0
442,21.0,180.0,1000.0
443,21.0,180.0,1000.0
444,21.0,180.0,1000.0
445,21.0,180.0,1000.0
446,22.0,192.0,1120.0
447,22.0,192.0,1120.0
448,22.0,192.0,1120.0
449,22.0,192.0,1120.0
450,22.0,192.0,1120.0
451,22.0,192.0,1120.0
452,22.0,192.0,1120.0
453,22.0,192.0,1120.0
454,22.0,192.0,1120.0
455,22.0,192.0,1120.0
456,21.0,180.0,1000.0
457,21.0,180.0,1000.0
458,21.0,180.0,1000.0
459,21.0,180.0,1000.0
460,21.0,180.0,1000.0
461,23.0,196.0,1080.0
462,23.0,196.0,1080.0
463,23.0,196.0,1080.0
464,24.0,208.0,1200.0
465,24.0,208.0,1200.0
466,24.0,208.0,1200.0
467,23.0,196.0,1080.0
468,23.0,196.0,1080.0
469,23.0,196.0,1080.0
470,23.0,196.0,1080.0
471,23.0,196.0,1080.0
472,23.0,196.0,1080.0
473,23.0,196.0,1080.0
474,23.0,196.0,1080.0
475,23.0,196.0,1080.0
476,23.0,196.0,1080.0
477,23.0,196.0,1080.0
478,23.0,196.0,1080.0
479,24.0,204.0,1120.0
480,27.0,236.0,1400.0
481,25.0,220.0,1320.0
482,25.0,220.0,1320.0
483,23.0,196.0,1080.0
484,23.0,196.0,1080.0
485,23.0,196.0,1080.0
486,23.0,196.0,1080.0
487,23.0,196.0,1080.0
488,23.0,196.0,1080.0
489,23.0,196.0,1080.0
490,23.0,196.0,1080.0
491,24.0,208.0,1200.0
492,24.0,208.0,1200.0
493,24.0,208.0,1200.0
494,23.0,196.0,1080.0
495,23.0,196.0,1080.0
496,23.0,196.0,1080.0
497,23.0,196.0,1080.0
498,23.0,196.0,1080.0
499,23.0,196.0,1080.0
500,23.0,196.0,1080.0
501,23.0,196.0,1080.0
502,23.0,196.0,1080.0
503,23.0,196.0,1080.0
504,23.0,196.0,1080.0
505,23.0,196.0,1080.0
506,23.0,196.0,1080.0
507,23.0,196.0,1080.0
508,23.0,196.0,1080.0
509,23.0,196.0,1080.0
510,23.0,196.0,1080.0
511,23.0,196.0,1080.0
512,23.0,196.0,1080.0
513,23.0,196.0,1080.0
514,24.0,208.0,1200.0
515,24.0,208.0,1200.0
516,25.0,216.0,1240.0
517,25.0,216.0,1240.0
518,24.0,208.0,1200.0
519,24.0,208.0,1200.0
520,24.0,208.0,1200.0
521,24.0,208.0,1200.0
522,24.0,208.0,1200.0
523,24.0,208.0,1200.0
524,23.0,196.0,1080.0
525,24.0,208.0,1200.0
526,24.0,208.0,1200.0
527,24.0,208.0,1200.0
528,24.0,208.0,1200.0
529,24.0,208.0,1200.0
530,24.0,208.0,1200.0
531,24.0,208.0,1200.0
532,24.0,208.0,1200.0
533,24.0,208.0,1200.0
534,24.0,208.0,1200.0
535,22.0,188.0,1040.0
536,22.0,188.0,1040.0
537,23.0,200.0,1160.0
538,23.0,200.0,1160.0
539,23.0,200.0,1160.0
540,23.0,200.0,1160.0
541,23.0,200.0,1160.0
542,23.0,200.0,1160.0
543,22.0,188.0,1040.0
544,22.0,188.0,1040.0
545,22.0,188.0,1040.0
546,22.0,188.0,1040.0
547,22.0,188.0,1040.0
548,22.0,188.0,1040.0
549,22.0,188.0,1040.0
550,22.0,188.0,1040.0
551,22.0,188.0,1040.0
552,22.0,188.0,1040.0
553,22.0,188.0,1040.0
554,22.0,188.0,1040.0
555,22.0,188.0,1040.0
556,22.0,188.0,1040.0
557,22.0,188.0,1040.0
558,22.0,188.0,1040.0
559,23.0,200.0,1160.0
560,24.0,212.0,1280.0
561,24.0,212.0,1280.0
562,24.0,212.0,1280.0
563,24.0,212.0,1280.0
564,23.0,200.0,1160.0
565,23.0,200.0,1160.0
566,23.0,200.0,1160.0
567,23.0,200.0,1160.0
568,23.0,200.0,1160.0
569,23.0,200.0,1160.0
570,23.0,200.0,1160.0
571,23.0,200.0,1160.0
572,23.0,200.0,1160.0
573,23.0,200.0,1160.0
574,23.0,200.0,1160.0
575,23.0,200.0,1160.0
576,23.0,200.0,1160.0
577,23.0,200.0,1160.0
578,22.0,188.0,1040.0
579,22.0,188.0,1040.0
580,22.0,188.0,1040.0
581,23.0,196.0,1080.0
582,24.0,208.0,1200.0
583,24.0,208.0,1200.0
584,24.0,208.0,1200.0
585,24.0,208.0,1200.0
586,24.0,208.0,1200.0
587,24.0,208.0,1200.0
588,24.0,208.0,1200.0
589,23.0,196.0,1080.0
590,23.0,196.0,1080.0
591,23.0,196.0,1080.0
592,23.0,196.0,1080.0
593,22.0,188.0,1040.0
594,22.0,188.0,1040.0
595,23.0,196.0,1080.0
596,23.0,196.0,1080.0
597,23.0,196.0,1080.0
598,23.0,196.0,1080.0
599,23.0,196.0,1080.0
600,23.0,196.0,1080.0
601,23.0,196.0,1080.0
602,23.0,196.0,1080.0
603,23.0,196.0,1080.0
604,23.0,196.0,1080.0
605,23.0,196.0,1080.0
606,23.0,196.0,1080.0
607,23.0,196.0,1080.0
608,23.0,196.0,1080.0
609,23.0,196.0,1080.0
610,24.0,204.0,1120.0
611,24.0,204.0,1120.0
612,24.0,204.0,1120.0
613,24.0,204.0,1120.0
614,24.0,204.0,1120.0
615,24.0,204.0,1120.0
616,24.0,204.0,1120.0
617,24.0,204.0,1120.0
618,24.0,204.0,1120.0
619,24.0,204.0,1120.0
620,24.0,204.0,1120.0
621,24.0,204.0,1120.0
622,24.0,204.0,1120.0
623,23.0,196.0,1080.0
624,23.0,196.0,1080.0
625,23.0,196.0,1080.0
626,23.0,196.0,1080.0
627,23.0,196.0,1080.0
628,23.0,196.0,1080.0
629,25.0,220.0,1320.0
630,25.0,220.0,1320.0
631,24.0,208.0,1200.0
632,24.0,208.0,1200.0
633,24.0,208.0,1200.0
634,24.0,208.0,1200.0
635,24.0,208.0,1200.0
636,23.0,196.0,1080.0
637,23.0,196.0,1080.0
638,23.0,196.0,1080.0
639,23.0,196.0,1080.0
640,23.0,196.0,1080.0
641,22.0,188.0,1040.0
642,22.0,188.0,1040.0
643,22.0,188.0,1040.0
644,22.0,188.0,1040.0
645,24.0,212.0,1280.0
646,24.0,212.0,1280.0
647,24.0,212.0,1280.0
648,22.0,188.0,1040.0
649,22.0,188.0,1040.0
650,23.0,200.0,1160.0
651,23.0,200.0,1160.0
652,23.0,200.0,1160.0
653,23.0,200.0,1160.0
654,23.0,200.0,1160.0
655,22.0,188.0,1040.0
656,22.0,188.0,1040.0
657,22.0,188.0,1040.0
658,22.0,188.0,1040.0
659,22.0,188.0,1040.0
660,22.0,188.0,1040.0
661,23.0,200.0,1160.0
662,23.0,200.0,1160.0
663,25.0,216.0,1240.0
664,25.0,216.0,1240.0
665,25.0,216.0,1240.0
666,25.0,216.0,1240.0
667,24.0,204.0,1120.0
668,24.0,204.0,1120.0
669,24.0,204.0,1120.0
670,24.0,204.0,1120.0
671,24.0,204.0,1120.0
672,24.0,204.0,1120.0
673,24.0,204.0,1120.0
674,24.0,204.0,1120.0
675,24.0,204.0,1120.0
676,25.0,216.0,1240.0
677,25.0,216.0,1240.0
678,26.0,228.0,1360.0
679,26.0,228.0,1360.0
680,26.0,228.0,1360.0
681,25.0,216.0,1240.0
682,25.0,212.0,1160.0
683,24.0,204.0,1120.0
684,26.0,228.0,1360.0
685,26.0,228.0,1360.0
686,26.0,228.0,1360.0
687,26.0,228.0,1360.0
688,38.0,324.0,1784.0
689,36.0,300.0,1544.0
690,36.0,300.0,1544.0
691,36.0,300.0,1544.0
692,36.0,300.0,1544.0
693,36.0,300.0,1544.0
694,42.0,356.0,1920.0
695,42.0,356.0,1920.0
696,37.0,308.0,1560.0
697,43.0,356.0,1800.0
698,43.0,356.0,1800.0
699,41.0,340.0,1720.0
700,50.0,424.0,2272.0
701,48.0,408.0,2216.0
702,48.0,408.0,2216.0
703,48.0,408.0,2216.0
704,49.0,416.0,2256.0
705,49.0,416.0,2256.0
706,49.0,416.0,2256.0
707,49.0,416.0,2256.0
708,49.0,416.0,2256.0
709,49.0,416.0,2256.0
710,46.0,380.0,1896.0
711,51.0,420.0,2000.0
712,51.0,420.0,2000.0
713,48.0,404.0,2088.0
714,48.0,404.0,2088.0
715,48.0,404.0,2088.0
716,47.0,392.0,1968.0
717,47.0,392.0,1968.0
718,48.0,404.0,2088.0
719,48.0,404.0,2088.0
720,48.0,404.0,2088.0
721,48.0,404.0,2088.0
722,55.0,454.0,2288.0
723,58.0,478.0,2408.0
724,57.0,470.0,2392.0
725,54.0,446.0,2272.0
726,54.0,446.0,2272.0
727,54.0,446.0,2272.0
728,54.0,446.0,2272.0
729,54.0,446.0,2272.0
730,54.0,446.0,2272.0
731,54.0,446.0,2272.0
732,54.0,446.0,2272.0
733,54.0,446.0,2272.0
734,60.0,494.0,2432.0
735,56.0,462.0,2352.0
736,55.0,454.0,2312.0
737,55.0,454.0,2312.0
738,55.0,454.0,2312.0
739,55.0,454.0,2312.0
740,55.0,454.0,2312.0
741,55.0,454.0,2312.0
742,55.0,454.0,2312.0
743,55.0,454.0,2312.0
744,55.0,454.0,2312.0
745,55.0,454.0,2312.0
746,55.0,454.0,2312.0
747,55.0,454.0,2312.0
748,55.0,454.0,2312.0
749,55.0,454.0,2312.0
750,55.0,454.0,2312.0
751,55.0,454.0,2312.0
752,55.0,454.0,2312.0
753,55.0,454.0,2312.0
754,55.0,454.0,2312.0
755,55.0,454.0,2312.0
756,55.0,454.0,2312.0
757,55.0,454.0,2312.0
758,55.0,454.0,2312.0
759,55.0,454.0,2312.0
760,56.0,462.0,2352.0
761,56.0,462.0,2352.0
762,55.0,454.0,2312.0
763,55.0,454.0,2312.0
764,55.0,454.0,2312.0
765,55.0,454.0,2312.0
766,55.0,454.0,2312.0
767,55.0,454.0,2312.0
768,57.0,470.0,2368.0
769,54.0,446.0,2296.0
770,54.0,446.0,2296.0
771,54.0,446.0,2296.0
772,55.0,458.0,2416.0
773,55.0,458.0,2416.0
774,55.0,458.0,2416.0
775,55.0,458.0,2416.0
776,55.0,458.0,2416.0
777,55.0,458.0,2416.0
778,56.0,470.0,2536.0
779,58.0,486.0,2592.0
780,56.0,470.0,2560.0
781,53.0,446.0,2448.0
782,53.0,446.0,2448.0
783,53.0,446.0,2448.0
784,53.0,446.0,2448.0
785,53.0,446.0,2448.0
786,53.0,446.0,2448.0
787,53.0,446.0,2448.0
788,53.0,446.0,2448.0
789,53.0,446.0,2448.0
790,59.0,506.0,2880.0
791,59.0,506.0,2880.0
792,54.0,472.0,2776.0
793,51.0,440.0,2496.0
794,50.0,428.0,2376.0
795,50.0,428.0,2376.0
796,50.0,428.0,2376.0
797,50.0,428.0,2376.0
798,50.0,428.0,2376.0
799,50.0,428.0,2376.0
800,50.0,428.0,2376.0
801,50.0,428.0,2376.0
802,51.0,440.0,2496.0
803,51.0,440.0,2496.0
804,51.0,440.0,2496.0
805,50.0,428.0,2376.0
806,50.0,428.0,2376.0
807,50.0,428.0,2376.0
808,50.0,428.0,2376.0
809,50.0,428.0,2376.0
810,50.0,428.0,2376.0
811,50.0,428.0,2376.0
812,50.0,428.0,2376.0
813,50.0,428.0,2376.0
814,50.0,428.0,2376.0
815,50.0,428.0,2376.0
816,50.0,428.0,2376.0
817,50.0,428.0,2376.0
818,50.0,428.0,2376.0
819,50.0,428.0,2376.0
820,50.0,428.0,2376.0
821,50.0,428.0,2376.0
822,50.0,428.0,2376.0
823,50.0,428.0,2376.0
824,50.0,428.0,2376.0
825,50.0,428.0,2376.0
826,50.0,428.0,2376.0
827,50.0,428.0,2376.0
828,50.0,428.0,2376.0
829,50.0,428.0,2376.0
830,50.0,428.0,2376.0
831,50.0,428.0,2376.0
832,50.0,428.0,2376.0
833,51.0,436.0,2416.0
834,51.0,436.0,2416.0
835,51.0,436.0,2416.0
836,50.0,428.0,2376.0
837,50.0,428.0,2376.0
838,50.0,428.0,2376.0
839,50.0,428.0,2376.0
840,50.0,428.0,2376.0
841,50.0,428.0,2376.0
842,50.0,428.0,2376.0
843,50.0,428.0,2376.0
844,50.0,428.0,2376.0
845,50.0,428.0,2376.0
846,50.0,428.0,2376.0
847,50.0,428.0,2376.0
848,50.0,428.0,2376.0
849,50.0,428.0,2376.0
850,50.0,428.0,2376.0
851,50.0,428.0,2376.0
852,51.0,436.0,2416.0
853,51.0,436.0,2416.0
854,50.0,428.0,2376.0
855,50.0,428.0,2376.0
856,50.0,428.0,2376.0
857,50.0,428.0,2376.0
858,50.0,428.0,2376.0
859,50.0,428.0,2376.0
860,50.0,428.0,2376.0
861,50.0,428.0,2376.0
862,50.0,428.0,2376.0
863,50.0,428.0,2376.0
864,50.0,428.0,2376.0
865,50.0,428.0,2376.0
866,50.0,428.0,2376.0
867,50.0,428.0,2376.0
868,50.0,428.0,2376.0
869,51.0,436.0,2416.0
870,51.0,436.0,2416.0
871,51.0,436.0,2416.0
872,51.0,436.0,2416.0
873,51.0,436.0,2416.0
874,51.0,436.0,2416.0
875,51.0,436.0,2416.0
876,51.0,436.0,2416.0
877,51.0,436.0,2416.0
878,50.0,428.0,2376.0
879,50.0,428.0,2376.0
880,50.0,428.0,2376.0
881,50.0,428.0,2376.0
882,50.0,428.0,2376.0
883,50.0,428.0,2376.0
884,50.0,428.0,2376.0
885,50.0,428.0,2376.0
886,50.0,428.0,2376.0
887,50.0,428.0,2376.0
888,51.0,436.0,2416.0
889,51.0,436.0,2416.0
890,50.0,428.0,2376.0
891,50.0,428.0,2376.0
892,50.0,428.0,2376.0
893,50.0,428.0,2376.0
894,50.0,428.0,2376.0
895,50.0,428.0,2376.0
896,50.0,428.0,2376.0
897,50.0,428.0,2376.0
898,50.0,428.0,2376.0
899,50.0,428.0,2376.0
900,50.0,428.0,2376.0
901,50.0,428.0,2376.0
902,50.0,428.0,2376.0
903,50.0,428.0,2376.0
904,50.0,428.0,2376.0
905,50.0,428.0,2376.0
906,50.0,428.0,2376.0
907,50.0,428.0,2376.0
908,50.0,428.0,2376.0
909,50.0,428.0,2376.0
910,50.0,428.0,2376.0
911,50.0,428.0,2376.0
912,50.0,428.0,2376.0
913,50.0,428.0,2376.0
914,52.0,444.0,2456.0
915,52.0,444.0,2456.0
916,52.0,444.0,2456.0
917,52.0,444.0,2456.0
918,52.0,444.0,2456.0
919,52.0,444.0,2456.0
920,52.0,444.0,2456.0
921,52.0,444.0,2456.0
922,52.0,444.0,2456.0
923,52.0,444.0,2456.0
924,52.0,444.0,2456.0
925,53.0,452.0,2496.0
926,52.0,444.0,2456.0
927,51.0,436.0,2416.0
928,51.0,436.0,2416.0
929,50.0,428.0,2376.0
930,50.0,428.0,2376.0
931,50.0,428.0,2376.0
932,50.0,428.0,2376.0
933,50.0,428.0,2376.0
934,50.0,428.0,2376.0
935,50.0,428.0,2376.0
936,50.0,428.0,2376.0
937,50.0,428.0,2376.0
938,50.0,428.0,2376.0
939,50.0,428.0,2376.0
940,50.0,428.0,2376.0
941,50.0,428.0,2376.0
942,50.0,428.0,2376.0
943,50.0,428.0,2376.0
944,50.0,428.0,2376.0
945,50.0,428.0,2376.0
946,50.0,428.0,2376.0
947,50.0,428.0,2376.0
948,50.0,428.0,2376.0
949,50.0,428.0,2376.0
950,50.0,428.0,2376.0
951,50.0,428.0,2376.0
952,50.0,428.0,2376.0
953,50.0,428.0,2376.0
954,50.0,428.0,2376.0
955,50.0,428.0,2376.0
956,50.0,428.0,2376.0
957,50.0,428.0,2376.0
958,50.0,428.0,2376.0
959,50.0,428.0,2376.0
960,50.0,428.0,2376.0
961,50.0,428.0,2376.0
962,50.0,428.0,2376.0
963,50.0,428.0,2376.0
964,50.0,428.0,2376.0
965,50.0,428.0,2376.0
966,50.0,428.0,2376.0
967,50.0,428.0,2376.0
968,50.0,428.0,2376.0
969,50.0,428.0,2376.0
970,50.0,428.0,2376.0
971,50.0,428.0,2376.0
972,50.0,428.0,2376.0
973,50.0,428.0,2376.0
974,50.0,428.0,2376.0
975,50.0,428.0,2376.0
976,50.0,428.0,2376.0
977,50.0,428.0,2376.0
978,50.0,428.0,2376.0
979,50.0,428.0,2376.0
980,50.0,428.0,2376.0
981,50.0,428.0,2376.0
982,50.0,428.0,2376.0
983,50.0,428.0,2376.0
984,50.0,428.0,2376.0
985,50.0,428.0,2376.0
986,50.0,428.0,2376.0
987,50.0,428.0,2376.0
988,50.0,428.0,2376.0
989,50.0,428.0,2376.0
990,50.0,428.0,2376.0
991,46.0,396.0,2216.0
992,46.0,396.0,2216.0
993,46.0,396.0,2216.0
994,46.0,396.0,2216.0
995,53.0,460.0,2608.0
996,50.0,436.0,2536.0
997,48.0,416.0,2376.0
998,48.0,416.0,2376.0
999,47.0,404.0,2256.0
1000,46.0,392.0,2136.0
1001,46.0,392.0,2136.0
1002,46.0,392.0,2136.0
1003,46.0,392.0,2136.0
1004,46.0,392.0,2136.0
1005,46.0,392.0,2136.0
1006,47.0,400.0,2176.0
1007,47.0,400.0,2176.0
1008,46.0,392.0,2160.0
1009,46.0,392.0,2160.0
1010,46.0,392.0,2160.0
1011,46.0,392.0,2160.0
1012,46.0,392.0,2160.0
1013,46.0,392.0,2160.0
1014,46.0,392.0,2160.0
1015,46.0,392.0,2160.0
1016,46.0,392.0,2160.0
1017,47.0,400.0,2200.0
1018,47.0,400.0,2200.0
1019,46.0,392.0,2160.0
1020,46.0,392.0,2160.0
1021,46.0,392.0,2160.0
1022,46.0,392.0,2160.0
1023,46.0,392.0,2160.0
1024,46.0,392.0,2160.0
1025,46.0,392.0,2160.0
1026,46.0,392.0,2160.0
1027,46.0,392.0,2160.0
1028,46.0,392.0,2160.0
1029,46.0,392.0,2160.0
1030,45.0,384.0,2120.0
1031,45.0,384.0,2120.0
1032,45.0,384.0,2120.0
1033,45.0,384.0,2120.0
1034,45.0,384.0,2120.0
1035,45.0,384.0,2120.0
1036,45.0,384.0,2120.0
1037,45.0,384.0,2120.0
1038,45.0,384.0,2120.0
1039,45.0,384.0,2120.0
1040,45.0,384.0,2120.0
1041,45.0,384.0,2120.0
1042,45.0,384.0,2120.0
1043,45.0,384.0,2120.0
1044,45.0,384.0,2120.0
1045,45.0,384.0,2120.0
1046,46.0,392.0,2160.0
1047,46.0,392.0,2160.0
1048,47.0,400.0,2210.0
1049,47.0,400.0,2210.0
1050,47.0,400.0,2210.0
1051,47.0,400.0,2210.0
1052,50.0,428.0,2386.0
1053,49.0,420.0,2336.0
1054,50.0,428.0,2386.0
1055,50.0,428.0,2386.0
1056,50.0,428.0,2386.0
1057,50.0,428.0,2386.0
1058,50.0,428.0,2386.0
1059,50.0,428.0,2386.0
1060,50.0,428.0,2386.0
1061,50.0,428.0,2386.0
1062,50.0,428.0,2386.0
1063,50.0,428.0,2386.0
1064,50.0,428.0,2386.0
1065,50.0,428.0,2386.0
1066,50.0,428.0,2386.0
1067,50.0,428.0,2386.0
1068,51.0,436.0,2436.0
1069,51.0,436.0,2436.0
1070,51.0,436.0,2436.0
1071,57.0,484.0,2652.0
1072,57.0,484.0,2652.0
1073,58.0,496.0,2772.0
1074,58.0,496.0,2772.0
1075,59.0,504.0,2822.0
1076,57.0,488.0,2732.0
1077,57.0,488.0,2732.0
1078,57.0,488.0,2732.0
1079,55.0,468.0,2572.0
1080,55.0,468.0,2572.0
1081,55.0,468.0,2572.0
1082,55.0,468.0,2572.0
1083,55.0,468.0,2572.0
1084,55.0,468.0,2572.0
1085,55.0,468.0,2572.0
1086,56.0,480.0,2692.0
1087,56.0,480.0,2692.0
1088,56.0,480.0,2692.0
1089,56.0,480.0,2692.0
1090,58.0,496.0,2740.0
1091,54.0,464.0,2604.0
1092,50.0,428.0,2396.0
1093,50.0,428.0,2396.0
1094,50.0,428.0,2396.0
1095,50.0,428.0,2396.0
1096,50.0,428.0,2396.0
1097,50.0,428.0,2396.0
1098,50.0,428.0,2396.0
1099,50.0,428.0,2396.0
1100,50.0,428.0,2396.0
1101,50.0,428.0,2396.0
1102,50.0,428.0,2396.0
1103,49.0,420.0,2380.0
1104,48.0,412.0,2348.0
1105,48.0,412.0,2348.0
1106,49.0,420.0,2398.0
1107,49.0,420.0,2398.0
1108,49.0,420.0,2398.0
1109,55.0,468.0,2638.0
1110,64.0,544.0,2998.0
1111,63.0,536.0,2958.0
1112,58.0,492.0,2758.0
1113,58.0,492.0,2758.0
1114,58.0,492.0,2758.0
1115,58.0,492.0,2758.0
1116,58.0,492.0,2758.0
1117,58.0,492.0,2758.0
1118,58.0,492.0,2758.0
1119,58.0,492.0,2758.0
1120,58.0,492.0,2758.0
1121,58.0,492.0,2758.0
1122,58.0,492.0,2758.0
1123,58.0,492.0,2758.0
1124,58.0,492.0,2758.0
1125,58.0,492.0,2758.0
1126,58.0,492.0,2758.0
1127,58.0,492.0,2758.0
1128,68.0,572.0,3158.0
1129,67.0,564.0,3118.0
1130,64.0,540.0,2998.0
1131,63.0,532.0,2958.0
1132,63.0,532.0,2958.0
1133,63.0,532.0,2958.0
1134,62.0,524.0,2908.0
1135,70.0,596.0,3364.0
1136,70.0,596.0,3364.0
1137,70.0,596.0,3364.0
1138,70.0,596.0,3364.0
1139,70.0,596.0,3364.0
1140,70.0,596.0,3364.0
1141,70.0,596.0,3364.0
1142,70.0,596.0,3364.0
1143,70.0,596.0,3364.0
1144,70.0,596.0,3364.0
1145,70.0,596.0,3364.0
1146,71.0,604.0,3404.0
1147,71.0,604.0,3404.0
1148,70.0,596.0,3364.0
1149,67.0,572.0,3244.0
1150,66.0,564.0,3204.0
1151,66.0,564.0,3204.0
1152,66.0,564.0,3204.0
1153,66.0,564.0,3204.0
1154,66.0,564.0,3204.0
1155,66.0,564.0,3204.0
1156,66.0,564.0,3204.0
1157,67.0,572.0,3244.0
1158,67.0,572.0,3244.0
1159,67.0,572.0,3244.0
1160,67.0,572.0,3244.0
1161,67.0,572.0,3244.0
1162,67.0,572.0,3244.0
1163,67.0,572.0,3244.0
1164,67.0,572.0,3244.0
1165,69.0,588.0,3324.0
1166,67.0,572.0,3244.0
1167,68.0,580.0,3284.0
1168,68.0,580.0,3284.0
1169,68.0,580.0,3284.0
1170,68.0,580.0,3284.0
1171,68.0,580.0,3284.0
1172,68.0,580.0,3284.0
1173,68.0,580.0,3284.0
1174,68.0,580.0,3284.0
1175,68.0,580.0,3284.0
1176,68.0,580.0,3284.0
1177,68.0,580.0,3284.0
1178,68.0,580.0,3284.0
1179,68.0,580.0,3284.0
1180,67.0,572.0,3244.0
1181,67.0,572.0,3244.0
1182,67.0,572.0,3244.0
1183,68.0,580.0,3284.0
1184,67.0,572.0,3244.0
1185,67.0,572.0,3244.0
1186,67.0,572.0,3244.0
1187,67.0,572.0,3244.0
1188,67.0,572.0,3244.0
1189,67.0,572.0,3244.0
1190,67.0,572.0,3244.0
1191,67.0,572.0,3244.0
1192,67.0,572.0,3244.0
1193,67.0,572.0,3244.0
1194,67.0,572.0,3244.0
1195,67.0,572.0,3244.0
1196,67.0,572.0,3244.0
1197,67.0,572.0,3244.0
1198,67.0,572.0,3244.0
1199,67.0,572.0,3244.0
1200,67.0,572.0,3244.0
1201,71.0,604.0,3404.0
1202,71.0,604.0,3404.0
1203,66.0,564.0,3204.0
1204,66.0,564.0,3204.0
1205,66.0,564.0,3204.0
1206,66.0,564.0,3204.0
1207,66.0,564.0,3204.0
1208,66.0,564.0,3204.0
1209,66.0,564.0,3204.0
1210,66.0,564.0,3204.0
1211,66.0,564.0,3204.0
1212,66.0,564.0,3204.0
1213,66.0,564.0,3204.0
1214,66.0,564.0,3204.0
1215,66.0,564.0,3204.0
1216,66.0,564.0,3204.0
1217,65.0,556.0,3164.0
1218,65.0,556.0,3164.0
1219,65.0,556.0,3164.0
1220,67.0,572.0,3244.0
1221,66.0,564.0,3204.0
1222,64.0,548.0,3124.0
1223,64.0,548.0,3124.0
1224,64.0,548.0,3124.0
1225,64.0,548.0,3124.0
1226,64.0,548.0,3124.0
1227,64.0,548.0,3124.0
1228,64.0,548.0,3124.0
1229,64.0,548.0,3124.0
1230,64.0,548.0,3124.0
1231,64.0,548.0,3124.0
1232,64.0,548.0,3124.0
1233,64.0,548.0,3124.0
1234,64.0,548.0,3124.0
1235,64.0,548.0,3124.0
1236,64.0,548.0,3124.0
1237,64.0,548.0,3124.0
1238,65.0,556.0,3164.0
1239,65.0,556.0,3164.0
1240,63.0,540.0,3084.0
1241,63.0,540.0,3084.0
1242,63.0,540.0,3084.0
1243,63.0,540.0,3084.0
1244,63.0,540.0,3084.0
1245,63.0,540.0,3084.0
1246,63.0,540.0,3084.0
1247,63.0,540.0,3084.0
1248,63.0,540.0,3084.0
1249,63.0,540.0,3084.0
1250,63.0,540.0,3084.0
1251,63.0,540.0,3084.0
1252,63.0,540.0,3084.0
1253,63.0,540.0,3084.0
1254,63.0,540.0,3084.0
1255,63.0,540.0,3084.0
1256,63.0,540.0,3084.0
1257,63.0,540.0,3084.0
1258,65.0,556.0,3184.0
1259,64.0,548.0,3134.0
1260,65.0,556.0,3184.0
1261,64.0,548.0,3134.0
1262,63.0,540.0,3084.0
1263,63.0,540.0,3084.0
1264,63.0,540.0,3084.0
1265,63.0,540.0,3084.0
1266,63.0,540.0,3084.0
1267,63.0,540.0,3084.0
1268,63.0,540.0,3084.0
1269,63.0,540.0,3084.0
1270,67.0,572.0,3148.0
1271,67.0,572.0,3148.0
1272,68.0,580.0,3198.0
1273,67.0,572.0,3148.0
1274,67.0,572.0,3148.0
1275,67.0,572.0,3148.0
1276,73.0,618.0,3412.0
1277,72.0,610.0,3372.0
1278,70.0,594.0,3292.0
1279,68.0,570.0,3052.0
1280,69.0,578.0,3102.0
1281,69.0,578.0,3102.0
1282,68.0,570.0,3052.0
1283,68.0,570.0,3052.0
1284,68.0,570.0,3052.0
1285,68.0,570.0,3052.0
1286,68.0,570.0,3052.0
1287,70.0,586.0,3108.0
1288,70.0,586.0,3108.0
1289,65.0,552.0,2964.0
1290,65.0,552.0,2964.0
1291,65.0,552.0,2964.0
1292,65.0,552.0,2964.0
1293,65.0,552.0,2964.0
1294,65.0,552.0,2964.0
1295,65.0,552.0,2964.0
1296,64.0,540.0,2844.0
1297,64.0,540.0,2844.0
1298,64.0,540.0,2844.0
1299,64.0,540.0,2844.0
1300,64.0,540.0,2844.0
1301,64.0,540.0,2844.0
1302,64.0,540.0,2844.0
1303,64.0,540.0,2844.0
1304,64.0,540.0,2844.0
1305,64.0,540.0,2844.0
1306,64.0,540.0,2844.0
1307,64.0,540.0,2844.0
1308,64.0,540.0,2844.0
1309,60.0,508.0,2780.0
1310,63.0,532.0,2876.0
1311,62.0,524.0,2860.0
1312,60.0,508.0,2780.0
1313,60.0,508.0,2780.0
1314,60.0,508.0,2780.0
1315,60.0,508.0,2780.0
1316,60.0,508.0,2780.0
1317,60.0,508.0,2780.0
1318,60.0,508.0,2780.0
1319,60.0,508.0,2780.0
1320,60.0,508.0,2780.0
1321,60.0,508.0,2780.0
1322,60.0,508.0,2780.0
1323,56.0,476.0,2668.0
1324,56.0,476.0,2668.0
1325,56.0,476.0,2668.0
1326,56.0,476.0,2668.0
1327,56.0,476.0,2668.0
1328,56.0,476.0,2668.0
1329,65.0,548.0,3028.0
1330,65.0,548.0,3028.0
1331,65.0,548.0,3028.0
1332,65.0,548.0,3028.0
1333,65.0,548.0,3028.0
1334,65.0,548.0,3028.0
1335,65.0,548.0,3028.0
1336,65.0,548.0,3028.0
1337,65.0,548.0,3028.0
1338,65.0,548.0,3028.0
1339,65.0,548.0,3028.0
1340,65.0,548.0,3028.0
1341,65.0,548.0,3028.0
1342,65.0,548.0,3028.0
1343,65.0,548.0,3028.0
1344,65.0,548.0,3028.0
1345,65.0,548.0,3028.0
1346,65.0,548.0,3028.0
1347,65.0,548.0,3028.0
1348,65.0,548.0,3028.0
1349,65.0,548.0,3028.0
1350,65.0,548.0,3028.0
1351,65.0,548.0,3028.0
1352,65.0,548.0,3028.0
1353,65.0,548.0,3028.0
1354,65.0,548.0,3028.0
1355,65.0,548.0,3028.0
1356,65.0,548.0,3028.0
1357,65.0,548.0,3028.0
1358,66.0,556.0,3068.0
1359,66.0,556.0,3068.0
1360,66.0,556.0,3068.0
1361,66.0,556.0,3068.0
1362,66.0,556.0,3068.0
1363,66.0,556.0,3068.0
1364,66.0,556.0,3068.0
1365,66.0,556.0,3068.0
1366,66.0,556.0,3068.0
1367,66.0,556.0,3068.0
1368,66.0,556.0,3068.0
1369,66.0,556.0,3068.0
1370,66.0,556.0,3068.0
1371,66.0,556.0,3068.0
1372,66.0,556.0,3068.0
1373,66.0,556.0,3068.0
1374,66.0,556.0,3068.0
1375,66.0,556.0,3068.0
1376,66.0,556.0,3068.0
1377,66.0,556.0,3068.0
1378,66.0,556.0,3068.0
1379,66.0,556.0,3068.0
1380,66.0,556.0,3068.0
1381,66.0,556.0,3068.0
1382,66.0,556.0,3068.0
1383,66.0,556.0,3068.0
1384,66.0,556.0,3068.0
1385,66.0,556.0,3068.0
1386,66.0,556.0,3068.0
1387,66.0,556.0,3068.0
1388,66.0,556.0,3068.0
1389,66.0,556.0,3068.0
1390,66.0,556.0,3068.0
1391,66.0,556.0,3068.0
1392,66.0,556.0,3068.0
1393,70.0,588.0,3228.0
1394,70.0,588.0,3228.0
1395,70.0,588.0,3228.0
1396,70.0,588.0,3228.0
1397,70.0,588.0,3228.0
1398,70.0,588.0,3228.0
1399,70.0,588.0,3228.0
1400,70.0,588.0,3228.0
1401,70.0,588.0,3228.0
1402,70.0,588.0,3228.0
1403,70.0,588.0,3228.0
1404,70.0,588.0,3228.0
1405,70.0,588.0,3228.0
1406,70.0,588.0,3228.0
1407,70.0,588.0,3228.0
1408,70.0,588.0,3228.0
1409,70.0,588.0,3228.0
1410,70.0,588.0,3228.0
1411,70.0,588.0,3228.0
1412,70.0,588.0,3228.0
1413,70.0,588.0,3228.0
1414,70.0,588.0,3228.0
1415,70.0,588.0,3228.0
1416,70.0,588.0,3228.0
1417,70.0,588.0,3228.0
1418,70.0,588.0,3228.0
1419,70.0,588.0,3228.0
1420,70.0,588.0,3228.0
1421,70.0,588.0,3228.0
1422,70.0,588.0,3228.0
1423,69.0,580.0,3188.0
1424,69.0,580.0,3188.0
1425,69.0,580.0,3188.0
1426,69.0,580.0,3188.0
1427,69.0,580.0,3188.0
1428,69.0,580.0,3188.0
1429,69.0,580.0,3188.0
1430,69.0,580.0,3188.0
1431,69.0,580.0,3188.0
1432,69.0,580.0,3188.0
1433,69.0,580.0,3188.0
1434,69.0,580.0,3188.0
1435,69.0,580.0,3188.0
1436,69.0,580.0,3188.0
1437,69.0,580.0,3188.0
1438,69.0,580.0,3188.0
1439,69.0,580.0,3188.0
1440,70.0,588.0,3228.0
1441,71.0,596.0,3268.0
1442,71.0,596.0,3268.0
1443,70.0,588.0,3228.0
1444,70.0,588.0,3228.0
1445,71.0,596.0,3268.0
1446,71.0,596.0,3268.0
1447,71.0,596.0,3268.0
1448,71.0,596.0,3268.0
1449,71.0,596.0,3268.0
1450,71.0,596.0,3268.0
1451,71.0,596.0,3268.0
1452,71.0,596.0,3268.0
1453,70.0,588.0,3228.0
1454,70.0,588.0,3228.0
1455,70.0,588.0,3228.0
1456,70.0,588.0,3228.0
1457,70.0,588.0,3228.0
1458,70.0,588.0,3228.0
1459,70.0,588.0,3228.0
1460,70.0,588.0,3228.0
1461,70.0,588.0,3228.0
1462,70.0,588.0,3228.0
1463,70.0,588.0,3228.0
1464,70.0,588.0,3228.0
1465,70.0,588.0,3228.0
1466,70.0,588.0,3228.0
1467,70.0,588.0,3228.0
1468,70.0,588.0,3228.0
1469,70.0,588.0,3228.0
1470,70.0,588.0,3228.0
1471,70.0,588.0,3228.0
1472,72.0,604.0,3308.0
1473,72.0,604.0,3308.0
1474,72.0,604.0,3308.0
1475,72.0,604.0,3308.0
1476,72.0,604.0,3308.0
1477,72.0,604.0,3308.0
1478,72.0,604.0,3308.0
1479,72.0,604.0,3308.0
1480,72.0,604.0,3308.0
1481,72.0,604.0,3308.0
1482,72.0,604.0,3308.0
1483,72.0,604.0,3308.0
1484,72.0,604.0,3308.0
1485,71.0,596.0,3268.0
1486,71.0,596.0,3268.0
1487,71.0,596.0,3268.0
1488,71.0,596.0,3268.0
1489,71.0,596.0,3268.0
1490,71.0,596.0,3268.0
1491,71.0,596.0,3268.0
1492,71.0,596.0,3268.0
1493,71.0,596.0,3268.0
1494,71.0,596.0,3268.0
1495,71.0,596.0,3268.0
1496,71.0,596.0,3268.0
1497,71.0,596.0,3268.0
1498,71.0,596.0,3268.0
1499,71.0,596.0,3268.0
1500,71.0,596.0,3268.0
1501,71.0,596.0,3268.0
1502,71.0,596.0,3268.0
1503,71.0,596.0,3268.0
1504,71.0,596.0,3268.0
1505,70.0,588.0,3228.0
1506,70.0,588.0,3228.0
1507,70.0,588.0,3228.0
1508,70.0,588.0,3228.0
1509,70.0,588.0,3228.0
1510,70.0,588.0,3228.0
1511,70.0,588.0,3228.0
1512,70.0,588.0,3228.0
1513,70.0,588.0,3228.0
1514,70.0,588.0,3228.0
1515,70.0,588.0,3228.0
1516,70.0,588.0,3228.0
1517,70.0,588.0,3228.0
1518,70.0,588.0,3228.0
1519,70.0,588.0,3228.0
1520,70.0,588.0,3228.0
1521,70.0,588.0,3228.0
1522,70.0,588.0,3228.0
1523,70.0,588.0,3228.0
1524,70.0,588.0,3228.0
1525,70.0,588.0,3228.0
1526,70.0,588.0,3228.0
1527,70.0,588.0,3228.0
1528,70.0,588.0,3228.0
1529,70.0,588.0,3228.0
1530,70.0,588.0,3228.0
1531,70.0,588.0,3228.0
1532,70.0,588.0,3228.0
1533,70.0,588.0,3228.0
1534,70.0,588.0,3228.0
1535,70.0,588.0,3228.0
1536,70.0,588.0,3228.0
1537,70.0,588.0,3228.0
1538,70.0,588.0,3228.0
1539,70.0,588.0,3228.0
1540,70.0,588.0,3228.0
1541,70.0,588.0,3228.0
1542,70.0,588.0,3228.0
1543,70.0,588.0,3228.0
1544,70.0,588.0,3228.0
1545,70.0,588.0,3228.0
1546,70.0,588.0,3228.0
1547,70.0,588.0,3228.0
1548,70.0,588.0,3228.0
1549,70.0,588.0,3228.0
1550,70.0,588.0,3228.0
1551,70.0,588.0,3228.0
1552,70.0,588.0,3228.0
1553,69.0,580.0,3188.0
1554,69.0,580.0,3188.0
1555,69.0,580.0,3188.0
1556,69.0,580.0,3188.0
1557,69.0,580.0,3188.0
1558,69.0,580.0,3188.0
1559,69.0,580.0,3188.0
1560,69.0,580.0,3188.0
1561,69.0,580.0,3188.0
1562,69.0,580.0,3188.0
1563,69.0,580.0,3188.0
1564,69.0,580.0,3188.0
1565,65.0,548.0,3028.0
1566,65.0,548.0,3028.0
1567,65.0,548.0,3028.0
1568,65.0,548.0,3028.0
1569,65.0,548.0,3028.0
1570,65.0,548.0,3028.0
1571,65.0,548.0,3028.0
1572,65.0,548.0,3028.0
1573,65.0,548.0,3028.0
1574,65.0,548.0,3028.0
1575,65.0,548.0,3028.0
1576,65.0,548.0,3028.0
1577,65.0,548.0,3028.0
1578,65.0,548.0,3028.0
1579,65.0,548.0,3028.0
1580,65.0,548.0,3028.0
1581,65.0,548.0,3028.0
1582,65.0,548.0,3028.0
1583,65.0,548.0,3028.0
1584,65.0,548.0,3028.0
1585,65.0,548.0,3028.0
1586,65.0,548.0,3028.0
1587,65.0,548.0,3028.0
1588,65.0,548.0,3028.0
1589,65.0,548.0,3028.0
1590,65.0,548.0,3028.0
1591,65.0,548.0,3028.0
1592,65.0,548.0,3028.0
1593,65.0,548.0,3028.0
1594,74.0,616.0,3500.0
1595,74.0,616.0,3500.0
1596,74.0,616.0,3500.0
1597,74.0,616.0,3500.0
1598,74.0,616.0,3500.0
1599,74.0,616.0,3500.0
1600,74.0,616.0,3500.0
1601,74.0,616.0,3500.0
1602,74.0,616.0,3500.0
1603,74.0,616.0,3500.0
1604,74.0,616.0,3500.0
1605,83.0,682.0,3836.0
1606,83.0,682.0,3836.0
1607,79.0,662.0,3724.0
1608,76.0,630.0,3444.0
1609,76.0,630.0,3444.0
1610,76.0,630.0,3444.0
1611,76.0,630.0,3444.0
1612,76.0,630.0,3444.0
1613,76.0,630.0,3444.0
1614,76.0,630.0,3444.0
1615,76.0,630.0,3444.0
1616,76.0,630.0,3444.0
1617,77.0,638.0,3484.0
1618,73.0,612.0,3348.0
1619,73.0,612.0,3348.0
1620,73.0,612.0,3348.0
1621,73.0,612.0,3348.0
1622,73.0,612.0,3348.0
1623,73.0,612.0,3348.0
1624,73.0,612.0,3348.0
1625,73.0,612.0,3348.0
1626,73.0,612.0,3348.0
1627,73.0,612.0,3348.0
1628,77.0,638.0,3484.0
1629,74.0,614.0,3364.0
1630,74.0,614.0,3364.0
1631,73.0,606.0,3324.0
1632,73.0,606.0,3324.0
1633,73.0,606.0,3324.0
1634,73.0,606.0,3324.0
1635,73.0,606.0,3324.0
1636,73.0,606.0,3324.0
1637,73.0,606.0,3324.0
1638,73.0,606.0,3324.0
1639,73.0,606.0,3324.0
1640,73.0,606.0,3324.0
1641,73.0,606.0,3324.0
1642,73.0,606.0,3324.0
1643,73.0,606.0,3324.0
1644,73.0,606.0,3324.0
1645,73.0,606.0,3324.0
1646,73.0,606.0,3324.0
1647,73.0,606.0,3324.0
1648,73.0,606.0,3324.0
1649,73.0,606.0,3324.0
1650,73.0,606.0,3324.0
1651,73.0,606.0,3324.0
1652,73.0,606.0,3324.0
1653,73.0,606.0,3324.0
1654,73.0,606.0,3324.0
1655,73.0,606.0,3324.0
1656,73.0,606.0,3324.0
1657,73.0,606.0,3324.0
1658,73.0,606.0,3324.0
1659,73.0,606.0,3324.0
1660,73.0,606.0,3324.0
1661,73.0,606.0,3324.0
1662,76.0,624.0,3420.0
1663,76.0,624.0,3420.0
1664,70.0,582.0,3204.0
1665,70.0,582.0,3204.0
1666,69.0,574.0,3164.0
1667,69.0,574.0,3164.0
1668,69.0,574.0,3164.0
1669,69.0,574.0,3164.0
1670,69.0,574.0,3164.0
1671,69.0,574.0,3164.0
1672,69.0,574.0,3164.0
1673,69.0,574.0,3164.0
1674,72.0,592.0,3260.0
1675,70.0,582.0,3204.0
1676,70.0,582.0,3204.0
1677,69.0,574.0,3164.0
1678,69.0,574.0,3164.0
1679,69.0,574.0,3164.0
1680,69.0,574.0,3164.0
1681,69.0,574.0,3164.0
1682,69.0,574.0,3164.0
1683,69.0,574.0,3164.0
1684,69.0,574.0,3164.0
1685,69.0,574.0,3164.0
1686,69.0,574.0,3164.0
1687,68.0,572.0,3148.0
1688,67.0,564.0,3108.0
1689,67.0,564.0,3108.0
1690,67.0,564.0,3108.0
1691,67.0,564.0,3108.0
1692,67.0,564.0,3108.0
1693,67.0,564.0,3108.0
1694,67.0,564.0,3108.0
1695,67.0,564.0,3108.0
1696,69.0,574.0,3164.0
1697,69.0,574.0,3164.0
1698,70.0,582.0,3204.0
1699,70.0,582.0,3204.0
1700,68.0,566.0,3124.0
1701,68.0,566.0,3124.0
1702,68.0,566.0,3124.0
1703,68.0,566.0,3124.0
1704,68.0,566.0,3124.0
1705,68.0,566.0,3124.0
1706,68.0,566.0,3124.0
1707,68.0,566.0,3124.0
1708,71.0,584.0,3220.0
1709,69.0,574.0,3164.0
1710,69.0,574.0,3164.0
1711,68.0,566.0,3124.0
1712,68.0,566.0,3124.0
1713,68.0,566.0,3124.0
1714,68.0,566.0,3124.0
1715,68.0,566.0,3124.0
1716,68.0,566.0,3124.0
1717,69.0,578.0,3244.0
1718,69.0,578.0,3244.0
1719,72.0,596.0,3340.0
1720,71.0,584.0,3220.0
1721,69.0,574.0,3164.0
1722,69.0,574.0,3164.0
1723,68.0,566.0,3124.0
1724,68.0,566.0,3124.0
1725,68.0,566.0,3124.0
1726,68.0,566.0,3124.0
1727,68.0,566.0,3124.0
1728,68.0,566.0,3124.0
1729,68.0,566.0,3124.0
1730,68.0,566.0,3124.0
1731,69.0,574.0,3164.0
1732,69.0,574.0,3164.0
1733,70.0,582.0,3204.0
1734,69.0,574.0,3164.0
1735,70.0,582.0,3204.0
1736,68.0,566.0,3124.0
1737,68.0,566.0,3124.0
1738,68.0,566.0,3124.0
1739,68.0,566.0,3124.0
1740,68.0,566.0,3124.0
1741,68.0,566.0,3124.0
1742,70.0,576.0,3180.0
1743,69.0,574.0,3140.0
1744,68.0,566.0,3100.0
1745,68.0,566.0,3100.0
1746,68.0,566.0,3100.0
1747,68.0,566.0,3100.0
1748,68.0,566.0,3100.0
1749,68.0,566.0,3100.0
1750,68.0,566.0,3100.0
1751,68.0,566.0,3100.0
1752,70.0,582.0,3180.0
1753,70.0,582.0,3180.0
1754,70.0,582.0,3180.0
1755,70.0,582.0,3180.0
1756,70.0,582.0,3180.0
1757,70.0,582.0,3180.0
1758,70.0,582.0,3180.0
1759,70.0,582.0,3180.0
1760,70.0,582.0,3180.0
1761,70.0,582.0,3180.0
1762,70.0,582.0,3180.0
1763,70.0,582.0,3180.0
1764,70.0,582.0,3180.0
1765,69.0,574.0,3140.0
1766,69.0,574.0,3140.0
1767,69.0,574.0,3140.0
1768,69.0,574.0,3140.0
1769,69.0,574.0,3140.0
1770,69.0,574.0,3140.0
1771,70.0,582.0,3180.0
1772,70.0,582.0,3180.0
1773,69.0,574.0,3140.0
1774,69.0,574.0,3140.0
1775,69.0,574.0,3140.0
1776,69.0,574.0,3140.0
1777,69.0,574.0,3140.0
1778,69.0,574.0,3140.0
1779,69.0,574.0,3140.0
1780,69.0,574.0,3140.0
1781,69.0,574.0,3140.0
1782,69.0,574.0,3140.0
1783,69.0,574.0,3140.0
1784,69.0,574.0,3140.0
1785,69.0,574.0,3140.0
1786,69.0,574.0,3140.0
1787,69.0,574.0,3140.0
1788,70.0,582.0,3180.0
1789,69.0,574.0,3140.0
1790,69.0,574.0,3140.0
1791,69.0,574.0,3140.0
1792,69.0,574.0,3140.0
1793,67.0,558.0,3084.0
1794,67.0,558.0,3084.0
1795,67.0,558.0,3084.0
1796,67.0,558.0,3084.0
1797,67.0,558.0,3084.0
1798,67.0,558.0,3084.0
1799,67.0,558.0,3084.0
1800,67.0,558.0,3084.0
1801,67.0,558.0,3084.0
1802,67.0,558.0,3084.0
1803,67.0,558.0,3084.0
1804,67.0,558.0,3084.0
1805,67.0,558.0,3084.0
1806,67.0,558.0,3084.0
1807,67.0,558.0,3084.0
1808,68.0,566.0,3124.0
1809,68.0,566.0,3124.0
1810,67.0,558.0,3084.0
1811,68.0,570.0,3204.0
1812,68.0,570.0,3204.0
1813,68.0,570.0,3204.0
1814,68.0,570.0,3204.0
1815,68.0,570.0,3204.0
1816,68.0,570.0,3204.0
1817,68.0,570.0,3204.0
1818,68.0,570.0,3204.0
1819,68.0,570.0,3204.0
1820,68.0,570.0,3204.0
1821,68.0,570.0,3204.0
1822,73.0,610.0,3396.0
1823,73.0,610.0,3396.0
1824,73.0,610.0,3396.0
1825,73.0,610.0,3396.0
1826,73.0,610.0,3396.0
1827,74.0,618.0,3436.0
1828,74.0,618.0,3436.0
1829,73.0,610.0,3396.0
1830,73.0,610.0,3396.0
1831,73.0,610.0,3396.0
1832,73.0,610.0,3396.0
1833,73.0,610.0,3396.0
1834,73.0,610.0,3396.0
1835,73.0,610.0,3396.0
1836,73.0,610.0,3396.0
1837,73.0,610.0,3396.0
1838,73.0,610.0,3396.0
1839,73.0,610.0,3396.0
1840,73.0,610.0,3396.0
1841,73.0,610.0,3396.0
1842,73.0,610.0,3396.0
1843,73.0,610.0,3396.0
1844,74.0,618.0,3436.0
1845,74.0,618.0,3436.0
1846,70.0,596.0,3388.0
1847,69.0,584.0,3268.0
1848,68.0,576.0,3228.0
1849,68.0,576.0,3228.0
1850,68.0,576.0,3228.0
1851,68.0,576.0,3228.0
1852,68.0,576.0,3228.0
1853,68.0,576.0,3228.0
1854,68.0,576.0,3228.0
1855,68.0,576.0,3228.0
1856,71.0,604.0,3428.0
1857,70.0,596.0,3388.0
1858,69.0,584.0,3268.0
1859,69.0,584.0,3268.0
1860,69.0,584.0,3268.0
1861,69.0,584.0,3268.0
1862,69.0,584.0,3268.0
1863,69.0,584.0,3268.0
1864,69.0,584.0,3268.0
1865,69.0,584.0,3268.0
1866,69.0,584.0,3268.0
1867,72.0,612.0,3388.0
1868,72.0,612.0,3388.0
1869,72.0,612.0,3388.0
1870,72.0,612.0,3388.0
1871,71.0,600.0,3268.0
1872,71.0,600.0,3268.0
1873,71.0,600.0,3268.0
1874,71.0,600.0,3268.0
1875,71.0,600.0,3268.0
1876,71.0,600.0,3268.0
1877,68.0,572.0,3148.0
1878,71.0,600.0,3268.0
1879,71.0,600.0,3268.0
1880,71.0,600.0,3268.0
1881,71.0,600.0,3268.0
1882,71.0,600.0,3268.0
1883,71.0,600.0,3268.0
1884,71.0,600.0,3268.0
1885,71.0,600.0,3268.0
1886,71.0,600.0,3268.0
1887,71.0,600.0,3268.0
1888,68.0,572.0,3148.0
1889,68.0,572.0,3148.0
1890,68.0,572.0,3148.0
1891,68.0,572.0,3148.0
1892,68.0,572.0,3148.0
1893,68.0,572.0,3148.0
1894,68.0,572.0,3148.0
1895,68.0,572.0,3148.0
1896,68.0,572.0,3148.0
1897,68.0,572.0,3148.0
1898,68.0,572.0,3148.0
1899,68.0,572.0,3148.0
1900,68.0,572.0,3148.0
1901,78.0,664.0,3788.0
1902,80.0,680.0,3868.0
1903,80.0,680.0,3868.0
1904,80.0,680.0,3868.0
1905,80.0,680.0,3868.0
1906,80.0,680.0,3868.0
1907,80.0,680.0,3868.0
1908,81.0,688.0,3908.0
1909,81.0,688.0,3908.0
1910,81.0,688.0,3908.0
1911,80.0,680.0,3868.0
1912,80.0,680.0,3868.0
1913,80.0,680.0,3868.0
1914,80.0,680.0,3868.0
1915,80.0,680.0,3868.0
1916,80.0,680.0,3868.0
1917,80.0,680.0,3868.0
1918,80.0,680.0,3868.0
1919,80.0,680.0,3868.0
1920,80.0,680.0,3868.0
1921,80.0,680.0,3868.0
1922,80.0,680.0,3868.0
1923,80.0,680.0,3868.0
1924,86.0,732.0,4188.0
1925,84.0,716.0,4108.0
1926,78.0,668.0,4028.0
1927,77.0,656.0,3908.0
1928,76.0,648.0,3708.0
1929,76.0,648.0,3708.0
1930,76.0,648.0,3708.0
1931,76.0,648.0,3708.0
1932,76.0,648.0,3708.0
1933,76.0,648.0,3708.0
1934,76.0,648.0,3708.0
1935,78.0,668.0,3868.0
1936,78.0,668.0,3868.0
1937,77.0,660.0,3828.0
1938,76.0,648.0,3708.0
1939,76.0,648.0,3708.0
1940,76.0,648.0,3708.0
1941,76.0,648.0,3708.0
1942,76.0,648.0,3708.0
1943,76.0,648.0,3708.0
1944,76.0,648.0,3708.0
1945,76.0,648.0,3708.0
1946,76.0,648.0,3708.0
1947,76.0,648.0,3708.0
1948,76.0,648.0,3708.0
1949,76.0,648.0,3708.0
1950,76.0,648.0,3708.0
1951,76.0,648.0,3708.0
1952,76.0,648.0,3708.0
1953,76.0,648.0,3708.0
1954,76.0,648.0,3708.0
1955,76.0,648.0,3708.0
1956,76.0,648.0,3708.0
1957,76.0,648.0,3708.0
1958,76.0,648.0,3708.0
1959,76.0,648.0,3708.0
1960,76.0,648.0,3708.0
1961,76.0,648.0,3708.0
1962,76.0,648.0,3708.0
1963,76.0,648.0,3708.0
1964,76.0,648.0,3708.0
1965,76.0,648.0,3708.0
1966,76.0,648.0,3708.0
1967,76.0,648.0,3708.0
1968,76.0,648.0,3708.0
1969,76.0,648.0,3708.0
1970,77.0,660.0,3828.0
1971,76.0,652.0,3788.0
1972,75.0,640.0,3668.0
1973,75.0,640.0,3668.0
1974,75.0,640.0,3668.0
1975,75.0,640.0,3668.0
1976,75.0,640.0,3668.0
1977,75.0,640.0,3668.0
1978,75.0,640.0,3668.0
1979,75.0,640.0,3668.0
1980,75.0,640.0,3668.0
1981,75.0,640.0,3668.0
1982,75.0,640.0,3668.0
1983,75.0,640.0,3668.0
1984,75.0,640.0,3668.0
1985,75.0,640.0,3668.0
1986,75.0,640.0,3668.0
1987,75.0,640.0,3668.0
1988,75.0,640.0,3668.0
1989,75.0,640.0,3668.0
1990,75.0,640.0,3668.0
1991,75.0,640.0,3668.0
1992,76.0,648.0,3708.0
1993,76.0,648.0,3708.0
1994,76.0,648.0,3708.0
1995,76.0,648.0,3708.0
1996,76.0,648.0,3708.0
1997,76.0,648.0,3708.0
1998,76.0,648.0,3708.0
1999,76.0,648.0,3708.0
2000,76.0,648.0,3708.0
2001,76.0,648.0,3708.0
2002,76.0,648.0,3708.0
2003,76.0,648.0,3708.0
2004,76.0,648.0,3708.0
2005,76.0,648.0,3708.0
2006,75.0,636.0,3588.0
2007,75.0,636.0,3588.0
2008,75.0,636.0,3588.0
2009,75.0,636.0,3588.0
2010,75.0,636.0,3588.0
2011,75.0,636.0,3588.0
2012,75.0,636.0,3588.0
2013,75.0,636.0,3588.0
2014,75.0,636.0,3588.0
2015,75.0,636.0,3588.0
2016,75.0,636.0,3588.0
2017,74.0,628.0,3548.0
2018,74.0,628.0,3548.0
2019,74.0,628.0,3548.0
2020,74.0,628.0,3548.0
2021,76.0,644.0,3628.0
2022,76.0,644.0,3628.0
2023,76.0,644.0,3628.0
2024,76.0,644.0,3628.0
2025,75.0,636.0,3588.0
2026,75.0,636.0,3588.0
2027,75.0,636.0,3588.0
2028,75.0,636.0,3588.0
2029,75.0,636.0,3588.0
2030,75.0,636.0,3588.0
2031,75.0,636.0,3588.0
2032,75.0,636.0,3588.0
2033,74.0,628.0,3548.0
2034,74.0,628.0,3548.0
2035,74.0,628.0,3548.0
2036,74.0,628.0,3548.0
2037,74.0,628.0,3548.0
2038,74.0,628.0,3548.0
2039,74.0,628.0,3548.0
2040,74.0,628.0,3548.0
2041,74.0,628.0,3548.0
2042,76.0,644.0,3628.0
2043,76.0,644.0,3628.0
2044,76.0,644.0,3628.0
2045,76.0,644.0,3628.0
2046,76.0,644.0,3628.0
2047,76.0,644.0,3628.0
2048,76.0,644.0,3628.0
2049,76.0,644.0,3628.0
2050,76.0,644.0,3628.0
2051,76.0,644.0,3628.0
2052,76.0,644.0,3628.0
2053,76.0,644.0,3628.0
2054,76.0,644.0,3628.0
2055,75.0,636.0,3588.0
2056,75.0,636.0,3588.0
2057,76.0,644.0,3628.0
2058,76.0,644.0,3628.0
2059,76.0,644.0,3628.0
2060,76.0,644.0,3628.0
2061,76.0,644.0,3628.0
2062,76.0,644.0,3628.0
2063,76.0,644.0,3628.0
2064,76.0,644.0,3628.0
2065,76.0,644.0,3628.0
2066,76.0,644.0,3628.0
2067,76.0,644.0,3628.0
2068,76.0,644.0,3628.0
2069,76.0,644.0,3628.0
2070,75.0,636.0,3588.0
2071,75.0,636.0,3588.0
2072,75.0,636.0,3588.0
2073,75.0,636.0,3588.0
2074,75.0,636.0,3588.0
2075,79.0,668.0,3748.0
2076,79.0,668.0,3748.0
2077,76.0,644.0,3628.0
2078,76.0,644.0,3628.0
2079,76.0,644.0,3628.0
2080,76.0,644.0,3628.0
2081,75.0,636.0,3588.0
2082,75.0,636.0,3588.0
2083,75.0,636.0,3588.0
2084,75.0,636.0,3588.0
2085,75.0,636.0,3588.0
2086,75.0,636.0,3588.0
2087,75.0,636.0,3588.0
2088,75.0,636.0,3588.0
2089,75.0,636.0,3588.0
2090,75.0,636.0,3588.0
2091,75.0,636.0,3588.0
2092,75.0,636.0,3588.0
2093,75.0,636.0,3588.0
2094,76.0,644.0,3628.0
2095,76.0,644.0,3628.0
2096,73.0,620.0,3508.0
2097,73.0,620.0,3508.0
2098,73.0,620.0,3508.0
2099,73.0,620.0,3508.0
2100,73.0,620.0,3508.0
2101,73.0,620.0,3508.0
2102,73.0,620.0,3508.0
2103,73.0,620.0,3508.0
2104,73.0,620.0,3508.0
2105,73.0,620.0,3508.0
2106,73.0,620.0,3508.0
2107,73.0,620.0,3508.0
2108,73.0,620.0,3508.0
2109,73.0,620.0,3508.0
2110,73.0,620.0,3508.0
2111,73.0,620.0,3508.0
2112,75.0,636.0,3588.0
2113,75.0,636.0,3588.0
2114,74.0,628.0,3548.0
2115,73.0,620.0,3508.0
2116,73.0,620.0,3508.0
2117,73.0,620.0,3508.0
2118,73.0,620.0,3508.0
2119,73.0,620.0,3508.0
2120,73.0,620.0,3508.0
2121,73.0,620.0,3508.0
2122,73.0,620.0,3508.0
2123,73.0,620.0,3508.0
2124,73.0,620.0,3508.0
2125,73.0,620.0,3508.0
2126,73.0,620.0,3508.0
2127,73.0,620.0,3508.0
2128,73.0,620.0,3508.0
2129,73.0,620.0,3508.0
2130,73.0,620.0,3508.0
2131,74.0,628.0,3548.0
2132,74.0,628.0,3548.0
2133,73.0,620.0,3508.0
2134,73.0,620.0,3508.0
2135,73.0,620.0,3508.0
2136,73.0,620.0,3508.0
2137,73.0,620.0,3508.0
2138,73.0,620.0,3508.0
2139,73.0,620.0,3508.0
2140,73.0,620.0,3508.0
2141,73.0,620.0,3508.0
2142,73.0,620.0,3508.0
2143,73.0,620.0,3508.0
2144,73.0,620.0,3508.0
2145,73.0,620.0,3508.0
2146,73.0,620.0,3508.0
2147,73.0,620.0,3508.0
2148,73.0,620.0,3508.0
2149,75.0,636.0,3588.0
2150,75.0,636.0,3588.0
2151,72.0,612.0,3468.0
2152,72.0,612.0,3468.0
2153,72.0,612.0,3468.0
2154,72.0,612.0,3468.0
2155,72.0,612.0,3468.0
2156,72.0,612.0,3468.0
2157,72.0,612.0,3468.0
2158,72.0,612.0,3468.0
2159,72.0,612.0,3468.0
2160,72.0,612.0,3468.0
2161,72.0,612.0,3468.0
2162,73.0,624.0,3588.0
2163,73.0,624.0,3588.0
2164,73.0,624.0,3588.0
2165,73.0,624.0,3588.0
2166,73.0,624.0,3588.0
2167,74.0,632.0,3628.0
2168,74.0,632.0,3628.0
2169,74.0,632.0,3628.0
2170,72.0,612.0,3468.0
2171,72.0,612.0,3468.0
2172,72.0,612.0,3468.0
2173,72.0,612.0,3468.0
2174,72.0,612.0,3468.0
2175,72.0,612.0,3468.0
2176,72.0,612.0,3468.0
2177,72.0,612.0,3468.0
2178,72.0,612.0,3468.0
2179,72.0,612.0,3468.0
2180,72.0,612.0,3468.0
2181,72.0,612.0,3468.0
2182,72.0,612.0,3468.0
2183,72.0,612.0,3468.0
2184,72.0,612.0,3468.0
2185,72.0,612.0,3468.0
2186,73.0,620.0,3508.0
2187,73.0,620.0,3508.0
2188,73.0,620.0,3508.0
2189,72.0,612.0,3468.0
2190,72.0,612.0,3468.0
2191,72.0,612.0,3468.0
2192,72.0,612.0,3468.0
2193,72.0,612.0,3468.0
2194,72.0,612.0,3468.0
2195,72.0,612.0,3468.0
2196,72.0,612.0,3468.0
2197,72.0,612.0,3468.0
2198,72.0,612.0,3468.0
2199,72.0,612.0,3468.0
2200,72.0,612.0,3468.0
2201,72.0,612.0,3468.0
2202,72.0,612.0,3468.0
2203,72.0,612.0,3468.0
2204,73.0,620.0,3508.0
2205,73.0,620.0,3508.0
2206,73.0,620.0,3508.0
2207,72.0,612.0,3468.0
2208,72.0,612.0,3468.0
2209,72.0,612.0,3468.0
2210,72.0,612.0,3468.0
2211,72.0,612.0,3468.0
2212,72.0,612.0,3468.0
2213,72.0,612.0,3468.0
2214,72.0,612.0,3468.0
2215,72.0,612.0,3468.0
2216,72.0,612.0,3468.0
2217,72.0,612.0,3468.0
2218,72.0,612.0,3468.0
2219,72.0,612.0,3468.0
2220,72.0,612.0,3468.0
2221,72.0,612.0,3468.0
2222,72.0,612.0,3468.0
2223,72.0,612.0,3468.0
2224,72.0,612.0,3468.0
2225,72.0,612.0,3468.0
2226,72.0,612.0,3468.0
2227,72.0,612.0,3468.0
2228,72.0,612.0,3468.0
2229,72.0,612.0,3468.0
2230,72.0,612.0,3468.0
2231,72.0,612.0,3468.0
2232,72.0,612.0,3468.0
2233,72.0,612.0,3468.0
2234,72.0,612.0,3468.0
2235,72.0,612.0,3468.0
2236,72.0,612.0,3468.0
2237,72.0,612.0,3468.0
2238,72.0,612.0,3468.0
2239,72.0,612.0,3468.0
2240,72.0,612.0,3468.0
2241,72.0,612.0,3468.0
2242,72.0,612.0,3468.0
2243,72.0,612.0,3468.0
2244,72.0,612.0,3468.0
2245,72.0,612.0,3468.0
2246,72.0,612.0,3468.0
2247,72.0,612.0,3468.0
2248,72.0,612.0,3468.0
2249,72.0,612.0,3468.0
2250,72.0,612.0,3468.0
2251,72.0,612.0,3468.0
2252,72.0,612.0,3468.0
2253,72.0,612.0,3468.0
2254,72.0,612.0,3468.0
2255,72.0,612.0,3468.0
2256,72.0,612.0,3468.0
2257,72.0,612.0,3468.0
2258,72.0,612.0,3468.0
2259,72.0,612.0,3468.0
2260,72.0,612.0,3468.0
2261,72.0,612.0,3468.0
2262,72.0,612.0,3468.0
2263,72.0,612.0,3468.0
2264,72.0,612.0,3468.0
2265,72.0,612.0,3468.0
2266,72.0,612.0,3468.0
2267,72.0,612.0,3468.0
2268,72.0,612.0,3468.0
2269,72.0,612.0,3468.0
2270,72.0,612.0,3468.0
2271,72.0,612.0,3468.0
2272,72.0,612.0,3468.0
2273,72.0,612.0,3468.0
2274,72.0,612.0,3468.0
2275,72.0,612.0,3468.0
2276,72.0,612.0,3468.0
2277,72.0,612.0,3468.0
2278,72.0,612.0,3468.0
2279,72.0,612.0,3468.0
2280,72.0,612.0,3468.0
2281,72.0,612.0,3468.0
2282,72.0,612.0,3468.0
2283,72.0,612.0,3468.0
2284,72.0,612.0,3468.0
2285,72.0,612.0,3468.0
2286,72.0,612.0,3468.0
2287,72.0,612.0,3468.0
2288,72.0,612.0,3468.0
2289,72.0,612.0,3468.0
2290,72.0,612.0,3468.0
2291,72.0,612.0,3468.0
2292,72.0,612.0,3468.0
2293,72.0,612.0,3468.0
2294,72.0,612.0,3468.0
2295,72.0,612.0,3468.0
2296,72.0,612.0,3468.0
2297,72.0,612.0,3468.0
2298,72.0,612.0,3468.0
2299,72.0,612.0,3468.0
2300,72.0,612.0,3468.0
2301,72.0,612.0,3468.0
2302,72.0,612.0,3468.0
2303,72.0,612.0,3468.0
2304,72.0,612.0,3468.0
2305,72.0,612.0,3468.0
2306,72.0,612.0,3468.0
2307,72.0,612.0,3468.0
2308,72.0,612.0,3468.0
2309,74.0,628.0,3548.0
2310,74.0,628.0,3548.0
2311,74.0,628.0,3548.0
2312,73.0,620.0,3508.0
2313,73.0,620.0,3508.0
2314,73.0,620.0,3508.0
2315,73.0,620.0,3508.0
2316,73.0,620.0,3508.0
2317,74.0,628.0,3548.0
2318,74.0,628.0,3548.0
2319,73.0,620.0,3508.0
2320,73.0,620.0,3508.0
2321,73.0,620.0,3508.0
2322,73.0,620.0,3508.0
2323,72.0,612.0,3468.0
2324,72.0,612.0,3468.0
2325,72.0,612.0,3468.0
2326,72.0,612.0,3468.0
2327,72.0,612.0,3468.0
2328,72.0,612.0,3468.0
2329,72.0,612.0,3468.0
2330,72.0,612.0,3468.0
2331,72.0,612.0,3468.0
2332,72.0,612.0,3468.0
2333,72.0,612.0,3468.0
2334,72.0,612.0,3468.0
2335,72.0,612.0,3468.0
2336,72.0,612.0,3468.0
2337,72.0,612.0,3468.0
2338,72.0,612.0,3468.0
2339,73.0,620.0,3508.0
2340,73.0,620.0,3508.0
2341,73.0,620.0,3508.0
2342,73.0,620.0,3508.0
2343,73.0,620.0,3508.0
2344,73.0,620.0,3508.0
2345,73.0,620.0,3508.0
2346,73.0,620.0,3508.0
2347,73.0,620.0,3508.0
2348,73.0,620.0,3508.0
2349,73.0,620.0,3508.0
2350,73.0,620.0,3508.0
2351,73.0,620.0,3508.0
2352,73.0,620.0,3508.0
2353,73.0,620.0,3508.0
2354,73.0,620.0,3508.0
2355,73.0,620.0,3508.0
2356,73.0,620.0,3508.0
2357,73.0,620.0,3508.0
2358,73.0,620.0,3508.0
2359,73.0,620.0,3508.0
2360,73.0,620.0,3508.0
2361,73.0,620.0,3508.0
2362,73.0,620.0,3508.0
2363,73.0,620.0,3508.0
2364,73.0,620.0,3508.0
2365,73.0,620.0,3508.0
2366,73.0,620.0,3508.0
2367,73.0,620.0,3508.0
2368,73.0,620.0,3508.0
2369,72.0,612.0,3468.0
2370,72.0,612.0,3468.0
2371,72.0,612.0,3468.0
2372,72.0,612.0,3468.0
2373,72.0,612.0,3468.0
2374,72.0,612.0,3468.0
2375,72.0,612.0,3468.0
2376,72.0,612.0,3468.0
2377,72.0,612.0,3468.0
2378,72.0,612.0,3468.0
2379,72.0,612.0,3468.0
2380,72.0,612.0,3468.0
2381,72.0,612.0,3468.0
2382,72.0,612.0,3468.0
2383,72.0,612.0,3468.0
2384,72.0,612.0,3468.0
2385,72.0,612.0,3468.0
2386,72.0,612.0,3468.0
2387,72.0,612.0,3468.0
2388,72.0,612.0,3468.0
2389,72.0,612.0,3468.0
2390,72.0,612.0,3468.0
2391,72.0,612.0,3468.0
2392,72.0,612.0,3468.0
2393,72.0,612.0,3468.0
2394,72.0,612.0,3468.0
2395,72.0,612.0,3468.0
2396,72.0,612.0,3468.0
2397,72.0,612.0,3468.0
2398,72.0,612.0,3468.0
2399,72.0,612.0,3468.0
2400,72.0,612.0,3468.0
2401,72.0,612.0,3468.0
2402,72.0,612.0,3468.0
2403,72.0,612.0,3468.0
2404,72.0,612.0,3468.0
2405,72.0,612.0,3468.0
2406,72.0,612.0,3468.0
2407,72.0,612.0,3468.0
2408,72.0,612.0,3468.0
2409,72.0,612.0,3468.0
2410,72.0,612.0,3468.0
2411,72.0,612.0,3468.0
2412,72.0,612.0,3468.0
2413,72.0,612.0,3468.0
2414,72.0,612.0,3468.0
2415,72.0,612.0,3468.0
2416,72.0,612.0,3468.0
2417,72.0,612.0,3468.0
2418,72.0,612.0,3468.0
2419,72.0,612.0,3468.0
2420,72.0,612.0,3468.0
2421,72.0,612.0,3468.0
2422,72.0,612.0,3468.0
2423,72.0,612.0,3468.0
2424,72.0,612.0,3468.0
2425,72.0,612.0,3468.0
2426,72.0,612.0,3468.0
2427,72.0,612.0,3468.0
2428,72.0,612.0,3468.0
2429,72.0,612.0,3468.0
2430,72.0,612.0,3468.0
2431,72.0,612.0,3468.0
2432,72.0,612.0,3468.0
2433,72.0,612.0,3468.0
2434,72.0,612.0,3468.0
2435,72.0,612.0,3468.0
2436,72.0,612.0,3468.0
2437,72.0,612.0,3468.0
2438,72.0,612.0,3468.0
2439,72.0,612.0,3468.0
2440,72.0,612.0,3468.0
2441,72.0,612.0,3468.0
2442,72.0,612.0,3468.0
2443,72.0,612.0,3468.0
2444,72.0,612.0,3468.0
2445,72.0,612.0,3468.0
2446,72.0,612.0,3468.0
2447,72.0,612.0,3468.0
2448,72.0,612.0,3468.0
2449,72.0,612.0,3468.0
2450,72.0,612.0,3468.0
2451,72.0,612.0,3468.0
2452,72.0,612.0,3468.0
2453,72.0,612.0,3468.0
2454,72.0,612.0,3468.0
2455,72.0,612.0,3468.0
2456,72.0,612.0,3468.0
2457,72.0,612.0,3468.0
2458,72.0,612.0,3468.0
2459,72.0,612.0,3468.0
2460,72.0,612.0,3468.0
2461,72.0,612.0,3468.0
2462,72.0,612.0,3468.0
2463,72.0,612.0,3468.0
2464,72.0,612.0,3468.0
2465,72.0,612.0,3468.0
2466,72.0,612.0,3468.0
2467,72.0,612.0,3468.0
2468,72.0,612.0,3468.0
2469,72.0,612.0,3468.0
2470,72.0,612.0,3468.0
2471,72.0,612.0,3468.0
2472,72.0,612.0,3468.0
2473,72.0,612.0,3468.0
2474,72.0,612.0,3468.0
2475,72.0,612.0,3468.0
2476,72.0,612.0,3468.0
2477,72.0,612.0,3468.0
2478,72.0,612.0,3468.0
2479,72.0,612.0,3468.0
2480,72.0,612.0,3468.0
2481,72.0,612.0,3468.0
2482,72.0,612.0,3468.0
2483,72.0,612.0,3468.0
2484,72.0,612.0,3468.0
2485,72.0,612.0,3468.0
2486,72.0,612.0,3468.0
2487,72.0,612.0,3468.0
2488,72.0,612.0,3468.0
2489,72.0,612.0,3468.0
2490,72.0,612.0,3468.0
2491,72.0,612.0,3468.0
2492,72.0,612.0,3468.0
2493,72.0,612.0,3468.0
2494,72.0,612.0,3468.0
2495,72.0,612.0,3468.0
2496,72.0,612.0,3468.0
2497,72.0,612.0,3468.0
2498,72.0,612.0,3468.0
2499,72.0,612.0,3468.0
2500,72.0,612.0,3468.0
2501,72.0,612.0,3468.0
2502,72.0,612.0,3468.0
2503,72.0,612.0,3468.0
2504,72.0,612.0,3468.0
2505,72.0,612.0,3468.0
2506,72.0,612.0,3468.0
2507,72.0,612.0,3468.0
2508,72.0,612.0,3468.0
2509,72.0,612.0,3468.0
2510,72.0,612.0,3468.0
2511,72.0,612.0,3468.0
2512,72.0,612.0,3468.0
2513,72.0,612.0,3468.0
2514,72.0,612.0,3468.0
2515,72.0,612.0,3468.0
2516,72.0,612.0,3468.0
2517,72.0,612.0,3468.0
2518,72.0,612.0,3468.0
2519,72.0,612.0,3468.0
2520,72.0,612.0,3468.0
2521,72.0,612.0,3468.0
2522,72.0,612.0,3468.0
2523,72.0,612.0,3468.0
2524,72.0,612.0,3468.0
2525,72.0,612.0,3468.0
2526,72.0,612.0,3468.0
2527,72.0,612.0,3468.0
2528,72.0,612.0,3468.0
2529,72.0,612.0,3468.0
2530,72.0,612.0,3468.0
2531,72.0,612.0,3468.0
2532,72.0,612.0,3468.0
2533,72.0,612.0,3468.0
2534,72.0,612.0,3468.0
2535,72.0,612.0,3468.0
2536,72.0,612.0,3468.0
2537,72.0,612.0,3468.0
2538,72.0,612.0,3468.0
2539,72.0,612.0,3468.0
2540,72.0,612.0,3468.0
2541,72.0,612.0,3468.0
2542,72.0,612.0,3468.0
2543,72.0,612.0,3468.0
2544,72.0,612.0,3468.0
2545,72.0,612.0,3468.0
2546,73.0,620.0,3500.0
2547,73.0,620.0,3500.0
2548,73.0,620.0,3500.0
2549,73.0,620.0,3500.0
2550,73.0,620.0,3500.0
2551,73.0,620.0,3500.0
2552,73.0,620.0,3500.0
2553,73.0,620.0,3500.0
2554,73.0,620.0,3500.0
2555,73.0,620.0,3500.0
2556,73.0,620.0,3500.0
2557,73.0,620.0,3500.0
2558,73.0,620.0,3500.0
2559,73.0,620.0,3500.0
2560,73.0,620.0,3500.0
2561,73.0,620.0,3500.0
2562,73.0,620.0,3500.0
2563,73.0,620.0,3500.0
2564,73.0,620.0,3500.0
2565,73.0,620.0,3500.0
2566,73.0,620.0,3500.0
2567,73.0,620.0,3500.0
2568,73.0,620.0,3500.0
2569,73.0,620.0,3500.0
2570,73.0,620.0,3500.0
2571,73.0,620.0,3500.0
2572,73.0,620.0,3500.0
2573,73.0,620.0,3500.0
2574,73.0,620.0,3500.0
2575,73.0,620.0,3500.0
2576,73.0,620.0,3500.0
2577,73.0,620.0,3500.0
2578,73.0,620.0,3500.0
2579,73.0,620.0,3500.0
2580,73.0,620.0,3500.0
2581,73.0,620.0,3500.0
2582,73.0,620.0,3500.0
2583,73.0,620.0,3500.0
2584,73.0,620.0,3500.0
2585,73.0,620.0,3500.0
2586,73.0,620.0,3500.0
2587,73.0,620.0,3500.0
2588,73.0,620.0,3500.0
2589,73.0,620.0,3500.0
2590,73.0,620.0,3500.0
2591,73.0,620.0,3500.0
2592,73.0,620.0,3500.0
2593,73.0,620.0,3500.0
2594,73.0,620.0,3500.0
2595,73.0,620.0,3500.0
2596,73.0,620.0,3500.0
2597,74.0,628.0,3540.0
2598,74.0,628.0,3540.0
2599,74.0,628.0,3540.0
2600,74.0,628.0,3540.0
2601,74.0,628.0,3540.0
2602,74.0,628.0,3540.0
2603,74.0,628.0,3540.0
2604,74.0,628.0,3540.0
2605,74.0,628.0,3540.0
2606,73.0,620.0,3500.0
2607,73.0,620.0,3500.0
2608,73.0,620.0,3500.0
2609,73.0,620.0,3500.0
2610,73.0,620.0,3500.0
2611,73.0,620.0,3500.0
2612,73.0,620.0,3500.0
2613,73.0,620.0,3500.0
2614,73.0,620.0,3500.0
2615,73.0,620.0,3500.0
2616,73.0,620.0,3500.0
2617,73.0,620.0,3500.0
2618,73.0,620.0,3500.0
2619,73.0,620.0,3500.0
2620,73.0,620.0,3500.0
2621,73.0,620.0,3500.0
2622,73.0,620.0,3500.0
2623,73.0,620.0,3500.0
2624,73.0,620.0,3500.0
2625,73.0,620.0,3500.0
2626,73.0,620.0,3500.0
2627,73.0,620.0,3500.0
2628,73.0,620.0,3500.0
2629,73.0,620.0,3500.0
2630,73.0,620.0,3500.0
2631,73.0,620.0,3500.0
2632,73.0,620.0,3500.0
2633,73.0,620.0,3500.0
2634,73.0,620.0,3500.0
2635,73.0,620.0,3500.0
2636,73.0,620.0,3500.0
2637,73.0,620.0,3500.0
2638,75.0,636.0,3580.0
2639,75.0,636.0,3580.0
2640,75.0,636.0,3580.0
2641,75.0,636.0,3580.0
2642,75.0,636.0,3580.0
2643,75.0,636.0,3580.0
2644,75.0,636.0,3580.0
2645,75.0,636.0,3580.0
2646,75.0,636.0,3580.0
2647,75.0,636.0,3580.0
2648,75.0,636.0,3580.0
2649,75.0,636.0,3580.0
2650,75.0,636.0,3580.0
2651,74.0,628.0,3540.0
2652,74.0,628.0,3540.0
2653,74.0,628.0,3540.0
2654,74.0,628.0,3540.0
2655,74.0,628.0,3540.0
2656,74.0,628.0,3540.0
2657,73.0,620.0,3500.0
2658,73.0,620.0,3500.0
2659,73.0,620.0,3500.0
2660,73.0,620.0,3500.0
2661,73.0,620.0,3500.0
2662,73.0,620.0,3500.0
2663,73.0,620.0,3500.0
2664,73.0,620.0,3500.0
2665,73.0,620.0,3500.0
2666,73.0,620.0,3500.0
2667,73.0,620.0,3500.0
2668,73.0,620.0,3500.0
2669,73.0,620.0,3500.0
2670,73.0,620.0,3500.0
2671,73.0,620.0,3500.0
2672,73.0,620.0,3500.0
2673,73.0,620.0,3500.0
2674,73.0,620.0,3500.0
2675,73.0,620.0,3500.0
2676,73.0,620.0,3500.0
2677,73.0,620.0,3500.0
2678,73.0,620.0,3500.0
2679,73.0,620.0,3500.0
2680,73.0,620.0,3500.0
2681,73.0,620.0,3500.0
2682,73.0,620.0,3500.0
2683,73.0,620.0,3500.0
2684,73.0,620.0,3500.0
2685,73.0,620.0,3500.0
2686,73.0,620.0,3500.0
2687,73.0,620.0,3500.0
2688,73.0,620.0,3500.0
2689,73.0,620.0,3500.0
2690,73.0,620.0,3500.0
2691,73.0,620.0,3500.0
2692,73.0,620.0,3500.0
2693,73.0,620.0,3500.0
2694,73.0,620.0,3500.0
2695,73.0,620.0,3500.0
2696,71.0,604.0,3420.0
2697,71.0,604.0,3420.0
2698,71.0,604.0,3420.0
2699,72.0,612.0,3460.0
2700,72.0,612.0,3460.0
2701,71.0,604.0,3420.0
2702,71.0,604.0,3420.0
2703,71.0,604.0,3420.0
2704,71.0,604.0,3420.0
2705,71.0,604.0,3420.0
2706,72.0,612.0,3452.0
2707,72.0,612.0,3452.0
2708,71.0,604.0,3420.0
2709,71.0,604.0,3420.0
2710,71.0,604.0,3420.0
2711,71.0,604.0,3420.0
2712,71.0,604.0,3420.0
2713,70.0,596.0,3380.0
2714,70.0,596.0,3380.0
2715,70.0,596.0,3380.0
2716,70.0,596.0,3380.0
2717,70.0,596.0,3380.0
2718,70.0,596.0,3380.0
2719,70.0,596.0,3380.0
2720,70.0,596.0,3380.0
2721,70.0,596.0,3380.0
2722,70.0,596.0,3380.0
2723,70.0,596.0,3380.0
2724,70.0,596.0,3380.0
2725,70.0,596.0,3380.0
2726,70.0,596.0,3380.0
2727,70.0,596.0,3380.0
2728,70.0,596.0,3380.0
2729,73.0,620.0,3500.0
2730,73.0,620.0,3500.0
2731,73.0,620.0,3500.0
2732,73.0,620.0,3500.0
2733,73.0,620.0,3500.0
2734,73.0,620.0,3500.0
2735,73.0,620.0,3500.0
2736,73.0,620.0,3500.0
2737,73.0,620.0,3500.0
2738,73.0,620.0,3500.0
2739,73.0,620.0,3500.0
2740,74.0,628.0,3540.0
2741,73.0,620.0,3500.0
2742,73.0,620.0,3500.0
2743,73.0,620.0,3500.0
2744,73.0,620.0,3500.0
2745,73.0,620.0,3500.0
2746,73.0,620.0,3500.0
2747,73.0,620.0,3500.0
2748,73.0,620.0,3500.0
2749,73.0,620.0,3500.0
2750,73.0,620.0,3500.0
2751,83.0,708.0,4036.0
2752,83.0,708.0,4036.0
2753,82.0,700.0,3996.0
2754,82.0,700.0,3996.0
2755,82.0,700.0,3996.0
2756,82.0,700.0,3996.0
2757,82.0,700.0,3996.0
2758,82.0,700.0,3996.0
2759,80.0,684.0,3916.0
2760,80.0,684.0,3916.0
2761,80.0,684.0,3916.0
2762,81.0,692.0,3956.0
2763,81.0,692.0,3956.0
2764,81.0,692.0,3956.0
2765,80.0,684.0,3916.0
2766,80.0,684.0,3916.0
2767,80.0,684.0,3916.0
2768,80.0,684.0,3916.0
2769,80.0,684.0,3916.0
2770,80.0,684.0,3916.0
2771,80.0,684.0,3916.0
2772,80.0,684.0,3916.0
2773,80.0,684.0,3916.0
2774,90.0,768.0,4364.0
2775,89.0,760.0,4324.0
2776,89.0,760.0,4324.0
2777,88.0,752.0,4284.0
2778,89.0,764.0,4324.0
2779,89.0,764.0,4324.0
2780,89.0,764.0,4324.0
2781,89.0,764.0,4324.0
2782,92.0,788.0,4372.0
2783,92.0,788.0,4372.0
2784,83.0,716.0,4012.0
2785,87.0,748.0,4140.0
2786,87.0,748.0,4140.0
2787,85.0,732.0,4092.0
2788,85.0,732.0,4092.0
2789,85.0,732.0,4092.0
2790,85.0,732.0,4092.0
2791,85.0,732.0,4092.0
2792,85.0,732.0,4092.0
2793,85.0,732.0,4092.0
2794,85.0,732.0,4092.0
2795,85.0,732.0,4092.0
2796,85.0,732.0,4092.0
2797,87.0,748.0,4148.0
2798,82.0,708.0,4004.0
2799,81.0,700.0,3964.0
2800,80.0,692.0,3924.0
2801,80.0,692.0,3924.0
2802,80.0,692.0,3924.0
2803,80.0,692.0,3924.0
2804,80.0,692.0,3924.0
2805,80.0,692.0,3924.0
2806,80.0,692.0,3924.0
2807,80.0,692.0,3924.0
2808,80.0,692.0,3924.0
2809,80.0,692.0,3924.0
2810,80.0,692.0,3924.0
2811,80.0,692.0,3924.0
2812,80.0,692.0,3924.0
2813,80.0,692.0,3924.0
2814,80.0,692.0,3924.0
2815,80.0,692.0,3924.0
2816,80.0,692.0,3924.0
2817,80.0,692.0,3924.0
2818,82.0,708.0,4004.0
2819,82.0,708.0,4004.0
2820,82.0,708.0,4004.0
2821,82.0,708.0,4004.0
2822,82.0,708.0,4004.0
2823,82.0,708.0,4004.0
2824,82.0,708.0,4004.0
2825,84.0,724.0,4084.0
2826,96.0,820.0,4564.0
2827,96.0,820.0,4564.0
2828,85.0,732.0,4124.0
2829,85.0,732.0,4124.0
2830,82.0,708.0,4004.0
2831,84.0,724.0,4076.0
2832,80.0,692.0,3924.0
2833,78.0,672.0,3764.0
2834,78.0,672.0,3764.0
2835,77.0,660.0,3644.0
2836,77.0,660.0,3644.0
2837,77.0,660.0,3644.0
2838,77.0,660.0,3644.0
2839,77.0,660.0,3644.0
2840,77.0,660.0,3644.0
2841,77.0,660.0,3644.0
2842,77.0,660.0,3644.0
2843,77.0,660.0,3644.0
2844,77.0,660.0,3644.0
2845,76.0,652.0,3604.0
2846,76.0,652.0,3604.0
2847,76.0,652.0,3604.0
2848,76.0,652.0,3604.0
2849,76.0,652.0,3604.0
2850,76.0,652.0,3604.0
2851,76.0,652.0,3604.0
2852,76.0,652.0,3604.0
2853,77.0,668.0,3684.0
2854,77.0,668.0,3684.0
2855,77.0,668.0,3684.0
2856,77.0,668.0,3684.0
2857,77.0,668.0,3684.0
2858,77.0,668.0,3684.0
2859,77.0,668.0,3684.0
2860,77.0,668.0,3684.0
2861,77.0,668.0,3684.0
2862,77.0,668.0,3684.0
2863,77.0,668.0,3684.0
2864,77.0,668.0,3684.0
2865,77.0,668.0,3684.0
2866,77.0,668.0,3684.0
2867,77.0,668.0,3684.0
2868,77.0,668.0,3684.0
2869,77.0,668.0,3684.0
2870,77.0,668.0,3684.0
2871,77.0,668.0,3684.0
2872,77.0,668.0,3684.0
2873,77.0,668.0,3684.0
2874,77.0,668.0,3684.0
2875,77.0,668.0,3684.0
2876,77.0,668.0,3684.0
2877,77.0,668.0,3684.0
2878,77.0,668.0,3684.0
2879,77.0,668.0,3684.0
2880,77.0,668.0,3684.0
2881,77.0,668.0,3684.0
2882,77.0,668.0,3684.0
2883,77.0,668.0,3684.0
2884,77.0,668.0,3684.0
2885,78.0,676.0,3724.0
2886,78.0,676.0,3724.0
2887,78.0,676.0,3724.0
2888,78.0,676.0,3724.0
2889,78.0,676.0,3724.0
2890,78.0,676.0,3724.0
2891,78.0,676.0,3724.0
2892,78.0,676.0,3724.0
2893,78.0,676.0,3724.0
2894,78.0,676.0,3724.0
2895,77.0,668.0,3684.0
2896,77.0,668.0,3684.0
2897,77.0,668.0,3684.0
2898,77.0,668.0,3684.0
2899,81.0,704.0,3900.0
2900,81.0,704.0,3900.0
2901,80.0,696.0,3860.0
2902,80.0,696.0,3860.0
2903,80.0,696.0,3860.0
2904,80.0,696.0,3860.0
2905,80.0,696.0,3860.0
2906,80.0,696.0,3860.0
2907,80.0,696.0,3860.0
2908,80.0,696.0,3860.0
2909,80.0,696.0,3860.0
2910,80.0,696.0,3860.0
2911,80.0,696.0,3860.0
2912,80.0,696.0,3860.0
2913,80.0,696.0,3860.0
2914,80.0,696.0,3860.0
2915,80.0,696.0,3860.0
2916,80.0,696.0,3860.0
2917,80.0,696.0,3860.0
2918,80.0,696.0,3860.0
2919,80.0,696.0,3860.0
2920,80.0,696.0,3860.0
2921,80.0,696.0,3860.0
2922,80.0,696.0,3860.0
2923,80.0,696.0,3860.0
2924,80.0,696.0,3860.0
2925,80.0,696.0,3860.0
2926,80.0,696.0,3860.0
2927,80.0,696.0,3860.0
2928,82.0,712.0,3940.0
2929,82.0,712.0,3940.0
2930,82.0,712.0,3940.0
2931,82.0,712.0,3940.0
2932,82.0,712.0,3940.0
2933,83.0,724.0,4060.0
2934,83.0,724.0,4060.0
2935,83.0,724.0,4060.0
2936,83.0,724.0,4060.0
2937,83.0,724.0,4060.0
2938,84.0,736.0,4180.0
2939,84.0,736.0,4180.0
2940,84.0,736.0,4180.0
2941,83.0,728.0,4140.0
2942,83.0,728.0,4140.0
2943,83.0,728.0,4140.0
2944,83.0,728.0,4140.0
2945,82.0,720.0,4100.0
2946,82.0,720.0,4100.0
2947,82.0,720.0,4100.0
2948,82.0,720.0,4100.0
2949,82.0,720.0,4100.0
2950,82.0,720.0,4100.0
2951,82.0,720.0,4100.0
2952,82.0,720.0,4100.0
2953,82.0,720.0,4100.0
2954,82.0,720.0,4100.0
2955,83.0,728.0,4116.0
2956,87.0,772.0,4516.0
2957,85.0,756.0,4460.0
2958,83.0,736.0,4300.0
2959,82.0,724.0,4180.0
2960,81.0,712.0,4060.0
2961,81.0,712.0,4060.0
2962,81.0,712.0,4060.0
2963,81.0,712.0,4060.0
2964,81.0,712.0,4060.0
2965,81.0,712.0,4060.0
2966,81.0,712.0,4060.0
2967,82.0,724.0,4180.0
2968,82.0,724.0,4180.0
2969,82.0,724.0,4180.0
2970,81.0,712.0,4060.0
2971,81.0,712.0,4060.0
2972,81.0,712.0,4060.0
2973,81.0,712.0,4060.0
2974,81.0,712.0,4060.0
2975,81.0,712.0,4060.0
2976,81.0,712.0,4060.0
2977,81.0,712.0,4060.0
2978,81.0,712.0,4060.0
2979,81.0,712.0,4060.0
2980,81.0,712.0,4060.0
2981,81.0,712.0,4060.0
2982,81.0,712.0,4060.0
2983,81.0,712.0,4060.0
2984,81.0,712.0,4060.0
2985,81.0,712.0,4060.0
2986,81.0,712.0,4060.0
2987,81.0,712.0,4060.0
2988,81.0,712.0,4060.0
2989,81.0,712.0,4060.0
2990,81.0,712.0,4060.0
2991,81.0,712.0,4060.0
2992,81.0,712.0,4060.0
2993,81.0,712.0,4060.0
2994,84.0,752.0,4260.0
2995,84.0,752.0,4260.0
2996,105.0,1004.0,5520.0
2997,105.0,1004.0,5520.0
2998,105.0,1004.0,5520.0
2999,105.0,1004.0,5520.0
3000,105.0,1004.0,5520.0
3001,105.0,1004.0,5520.0
3002,105.0,1004.0,5520.0
3003,106.0,1012.0,5560.0
3004,106.0,1012.0,5560.0
3005,106.0,1012.0,5560.0
3006,106.0,1012.0,5560.0
3007,116.0,1096.0,5980.0
3008,119.0,1128.0,6260.0
3009,109.0,1048.0,5860.0
3010,108.0,1040.0,5820.0
3011,108.0,1040.0,5820.0
3012,105.0,1004.0,5460.0
3013,105.0,1004.0,5460.0
3014,105.0,1004.0,5460.0
3015,105.0,1004.0,5460.0
3016,105.0,1004.0,5460.0
3017,105.0,1004.0,5460.0
3018,105.0,1004.0,5460.0
3019,111.0,1060.0,5860.0
3020,111.0,1060.0,5860.0
3021,110.0,1052.0,5820.0
3022,110.0,1052.0,5820.0
3023,110.0,1052.0,5820.0
3024,110.0,1052.0,5820.0
3025,110.0,1052.0,5820.0
3026,110.0,1052.0,5820.0
3027,110.0,1052.0,5820.0
3028,110.0,1052.0,5820.0
3029,110.0,1052.0,5820.0
3030,110.0,1052.0,5820.0
3031,110.0,1052.0,5820.0
3032,110.0,1052.0,5820.0
3033,111.0,1060.0,5836.0
3034,113.0,1080.0,5996.0
3035,115.0,1096.0,6076.0
3036,123.0,1164.0,6452.0
3037,123.0,1164.0,6452.0
3038,123.0,1164.0,6452.0
3039,123.0,1164.0,6452.0
3040,123.0,1164.0,6452.0
3041,123.0,1164.0,6452.0
3042,124.0,1176.0,6512.0
3043,123.0,1168.0,6472.0
3044,123.0,1168.0,6472.0
3045,123.0,1168.0,6472.0
3046,123.0,1168.0,6472.0
3047,123.0,1168.0,6472.0
3048,123.0,1168.0,6472.0
3049,123.0,1168.0,6472.0
3050,152.0,1226.0,6936.0
3051,152.0,1226.0,6936.0
3052,156.0,1254.0,7088.0
3053,125.0,1172.0,6504.0
3054,125.0,1172.0,6504.0
3055,127.0,1176.0,6536.0
3056,152.0,1374.0,7424.0
3057,154.0,1398.0,7544.0
3058,156.0,1426.0,7684.0
3059,153.0,1400.0,7548.0
3060,151.0,1376.0,7428.0
3061,151.0,1376.0,7428.0
3062,155.0,1422.0,7664.0
3063,157.0,1486.0,7960.0
3064,150.0,1438.0,7720.0
3065,148.0,1422.0,7640.0
3066,148.0,1422.0,7640.0
3067,148.0,1422.0,7640.0
3068,149.0,1430.0,7680.0
3069,149.0,1430.0,7680.0
3070,149.0,1430.0,7680.0
3071,149.0,1430.0,7680.0
3072,151.0,1462.0,7840.0
3073,149.0,1438.0,7720.0
3074,149.0,1438.0,7720.0
3075,149.0,1438.0,7720.0
3076,149.0,1438.0,7720.0
3077,149.0,1438.0,7720.0
3078,149.0,1438.0,7720.0
3079,149.0,1438.0,7720.0
3080,149.0,1438.0,7720.0
3081,149.0,1438.0,7720.0
3082,149.0,1438.0,7720.0
3083,149.0,1438.0,7720.0
3084,149.0,1438.0,7720.0
3085,149.0,1438.0,7720.0
3086,149.0,1438.0,7720.0
3087,149.0,1438.0,7720.0
3088,149.0,1438.0,7720.0
3089,149.0,1438.0,7720.0
3090,153.0,1486.0,8080.0
3091,159.0,1534.0,8320.0
3092,158.0,1522.0,8260.0
3093,158.0,1522.0,8260.0
3094,158.0,1522.0,8260.0
3095,158.0,1522.0,8260.0
3096,158.0,1522.0,8260.0
3097,158.0,1522.0,8260.0
3098,158.0,1522.0,8260.0
3099,158.0,1522.0,8260.0
3100,158.0,1522.0,8260.0
3101,158.0,1522.0,8260.0
3102,158.0,1522.0,8260.0
3103,158.0,1522.0,8260.0
3104,158.0,1522.0,8260.0
3105,158.0,1522.0,8260.0
3106,158.0,1522.0,8260.0
3107,158.0,1522.0,8260.0
3108,158.0,1522.0,8260.0
3109,158.0,1522.0,8260.0
3110,158.0,1522.0,8260.0
3111,158.0,1522.0,8260.0
3112,158.0,1522.0,8260.0
3113,158.0,1522.0,8260.0
3114,158.0,1522.0,8260.0
3115,158.0,1522.0,8260.0
3116,158.0,1522.0,8260.0
3117,158.0,1522.0,8260.0
3118,158.0,1522.0,8260.0
3119,158.0,1522.0,8260.0
3120,158.0,1522.0,8260.0
3121,158.0,1522.0,8260.0
3122,158.0,1522.0,8260.0
3123,158.0,1522.0,8260.0
3124,158.0,1522.0,8260.0
3125,158.0,1522.0,8260.0
3126,158.0,1522.0,8260.0
3127,158.0,1522.0,8260.0
3128,158.0,1522.0,8260.0
3129,158.0,1522.0,8260.0
3130,158.0,1522.0,8260.0
3131,158.0,1522.0,8260.0
3132,158.0,1522.0,8260.0
3133,158.0,1522.0,8260.0
3134,158.0,1522.0,8260.0
3135,158.0,1522.0,8260.0
3136,158.0,1522.0,8260.0
3137,158.0,1522.0,8260.0
3138,158.0,1522.0,8260.0
3139,158.0,1522.0,8260.0
3140,158.0,1522.0,8260.0
3141,158.0,1522.0,8260.0
3142,158.0,1522.0,8260.0
3143,158.0,1522.0,8260.0
3144,158.0,1522.0,8260.0
3145,158.0,1522.0,8260.0
3146,158.0,1522.0,8260.0
3147,158.0,1522.0,8260.0
3148,158.0,1522.0,8260.0
3149,158.0,1522.0,8260.0
3150,158.0,1522.0,8260.0
3151,158.0,1522.0,8260.0
3152,158.0,1522.0,8260.0
3153,158.0,1522.0,8260.0
3154,158.0,1522.0,8260.0
3155,158.0,1522.0,8260.0
3156,158.0,1522.0,8260.0
3157,158.0,1522.0,8260.0
3158,160.0,1538.0,8340.0
3159,160.0,1538.0,8340.0
3160,160.0,1538.0,8340.0
3161,160.0,1538.0,8340.0
3162,160.0,1538.0,8340.0
3163,160.0,1538.0,8340.0
3164,160.0,1538.0,8340.0
3165,160.0,1538.0,8340.0
3166,160.0,1538.0,8340.0
3167,160.0,1538.0,8340.0
3168,160.0,1538.0,8340.0
3169,160.0,1538.0,8340.0
3170,160.0,1538.0,8340.0
3171,160.0,1538.0,8340.0
3172,160.0,1538.0,8340.0
3173,161.0,1546.0,8380.0
3174,161.0,1546.0,8380.0
3175,161.0,1546.0,8380.0
3176,162.0,1558.0,8440.0
3177,162.0,1558.0,8440.0
3178,162.0,1558.0,8440.0
3179,162.0,1558.0,8440.0
3180,162.0,1558.0,8440.0
3181,162.0,1558.0,8440.0
3182,161.0,1550.0,8400.0
3183,161.0,1550.0,8400.0
3184,161.0,1550.0,8400.0
3185,161.0,1550.0,8400.0
3186,161.0,1550.0,8400.0
3187,161.0,1550.0,8400.0
3188,161.0,1550.0,8400.0
3189,161.0,1550.0,8400.0
3190,161.0,1550.0,8400.0
3191,161.0,1550.0,8400.0
3192,161.0,1550.0,8400.0
3193,161.0,1550.0,8400.0
3194,161.0,1550.0,8400.0
3195,161.0,1550.0,8400.0
3196,161.0,1550.0,8400.0
3197,161.0,1550.0,8400.0
3198,162.0,1558.0,8440.0
3199,162.0,1558.0,8440.0
3200,162.0,1558.0,8440.0
3201,162.0,1558.0,8440.0
3202,162.0,1558.0,8440.0
3203,162.0,1558.0,8440.0
3204,162.0,1558.0,8440.0
3205,162.0,1558.0,8440.0
3206,165.0,1582.0,8560.0
3207,165.0,1582.0,8560.0
3208,165.0,1582.0,8560.0
3209,165.0,1582.0,8560.0
3210,165.0,1582.0,8560.0
3211,165.0,1582.0,8560.0
3212,165.0,1582.0,8560.0
3213,165.0,1582.0,8560.0
3214,165.0,1582.0,8560.0
3215,165.0,1582.0,8560.0
3216,165.0,1582.0,8560.0
3217,165.0,1582.0,8560.0
3218,165.0,1582.0,8560.0
3219,165.0,1582.0,8560.0
3220,165.0,1582.0,8560.0
3221,165.0,1582.0,8560.0
3222,165.0,1582.0,8560.0
3223,165.0,1582.0,8560.0
3224,165.0,1582.0,8560.0
3225,165.0,1582.0,8560.0
3226,165.0,1582.0,8560.0
3227,165.0,1582.0,8560.0
3228,165.0,1582.0,8560.0
3229,165.0,1582.0,8560.0
3230,165.0,1582.0,8560.0
3231,166.0,1598.0,8640.0
3232,166.0,1598.0,8640.0
3233,165.0,1586.0,8580.0
3234,165.0,1586.0,8580.0
3235,165.0,1586.0,8580.0
3236,165.0,1586.0,8580.0
3237,165.0,1586.0,8580.0
3238,165.0,1586.0,8580.0
3239,165.0,1586.0,8580.0
3240,165.0,1586.0,8580.0
3241,165.0,1586.0,8580.0
3242,165.0,1586.0,8580.0
3243,165.0,1586.0,8580.0
3244,165.0,1586.0,8580.0
3245,165.0,1586.0,8580.0
3246,165.0,1586.0,8580.0
3247,165.0,1586.0,8580.0
3248,165.0,1586.0,8580.0
3249,165.0,1586.0,8580.0
3250,165.0,1586.0,8580.0
3251,166.0,1598.0,8700.0
3252,166.0,1598.0,8700.0
3253,167.0,1610.0,8820.0
3254,167.0,1610.0,8820.0
3255,167.0,1610.0,8820.0
3256,166.0,1598.0,8700.0
3257,166.0,1598.0,8700.0
3258,166.0,1598.0,8700.0
3259,166.0,1598.0,8700.0
3260,166.0,1598.0,8700.0
3261,165.0,1586.0,8580.0
3262,165.0,1586.0,8580.0
3263,165.0,1586.0,8580.0
3264,165.0,1586.0,8580.0
3265,165.0,1586.0,8580.0
3266,165.0,1586.0,8580.0
3267,165.0,1586.0,8580.0
3268,165.0,1586.0,8580.0
3269,165.0,1586.0,8580.0
3270,165.0,1586.0,8580.0
3271,165.0,1586.0,8580.0
3272,165.0,1586.0,8580.0
3273,165.0,1586.0,8580.0
3274,165.0,1586.0,8580.0
3275,165.0,1586.0,8580.0
3276,165.0,1586.0,8580.0
3277,165.0,1586.0,8580.0
3278,165.0,1586.0,8580.0
3279,165.0,1586.0,8580.0
3280,165.0,1586.0,8580.0
3281,165.0,1586.0,8580.0
3282,165.0,1586.0,8580.0
3283,165.0,1586.0,8580.0
3284,165.0,1586.0,8580.0
3285,165.0,1586.0,8580.0
3286,167.0,1602.0,9380.0
3287,167.0,1602.0,9380.0
3288,167.0,1602.0,9380.0
3289,167.0,1602.0,9380.0
3290,167.0,1602.0,9380.0
3291,167.0,1602.0,9380.0
3292,167.0,1602.0,9380.0
3293,167.0,1602.0,9380.0
3294,167.0,1602.0,9380.0
3295,167.0,1602.0,9380.0
3296,167.0,1602.0,9380.0
3297,167.0,1602.0,9380.0
3298,167.0,1602.0,9380.0
3299,167.0,1602.0,9380.0
3300,167.0,1602.0,9380.0
3301,167.0,1602.0,9380.0
3302,167.0,1602.0,9380.0
3303,167.0,1602.0,9380.0
3304,167.0,1602.0,9380.0
3305,167.0,1602.0,9380.0
3306,168.0,1610.0,9420.0
3307,167.0,1602.0,9380.0
3308,167.0,1602.0,9380.0
3309,167.0,1602.0,9380.0
3310,167.0,1602.0,9380.0
3311,167.0,1602.0,9380.0
3312,167.0,1602.0,9380.0
3313,167.0,1602.0,9380.0
3314,167.0,1602.0,9380.0
3315,167.0,1602.0,9380.0
3316,167.0,1602.0,9380.0
3317,167.0,1602.0,9380.0
3318,167.0,1602.0,9380.0
3319,167.0,1602.0,9380.0
3320,167.0,1602.0,9380.0
3321,167.0,1602.0,9380.0
3322,167.0,1602.0,9380.0
3323,167.0,1602.0,9380.0
3324,167.0,1602.0,9380.0
3325,175.0,1690.0,9820.0
3326,174.0,1682.0,9780.0
3327,174.0,1678.0,9796.0
3328,172.0,1694.0,9908.0
3329,179.0,1782.0,10348.0
3330,175.0,1750.0,10188.0
3331,163.0,1586.0,9368.0
3332,160.0,1546.0,9108.0
3333,162.0,1562.0,9248.0
3334,161.0,1550.0,9188.0
3335,156.0,1502.0,8948.0
3336,155.0,1490.0,8908.0
3337,154.0,1478.0,8788.0
3338,155.0,1490.0,8908.0
3339,155.0,1490.0,8908.0
3340,155.0,1490.0,8908.0
3341,155.0,1490.0,8908.0
3342,158.0,1538.0,9148.0
3343,157.0,1522.0,9068.0
3344,155.0,1490.0,8908.0
3345,155.0,1490.0,8908.0
3346,155.0,1490.0,8908.0
3347,155.0,1490.0,8908.0
3348,154.0,1478.0,8788.0
3349,155.0,1486.0,8828.0
3350,155.0,1486.0,8828.0
3351,156.0,1498.0,8948.0
3352,156.0,1498.0,8948.0
3353,156.0,1498.0,8948.0
3354,155.0,1486.0,8828.0
3355,155.0,1486.0,8828.0
3356,155.0,1486.0,8828.0
3357,155.0,1486.0,8828.0
3358,155.0,1486.0,8828.0
3359,155.0,1486.0,8828.0
3360,156.0,1502.0,8908.0
3361,158.0,1522.0,9068.0
3362,157.0,1506.0,8988.0
3363,156.0,1498.0,8948.0
3364,156.0,1498.0,8948.0
3365,156.0,1498.0,8948.0
3366,156.0,1498.0,8948.0
3367,156.0,1498.0,8948.0
3368,156.0,1498.0,8948.0
3369,155.0,1486.0,8828.0
3370,156.0,1498.0,8948.0
3371,156.0,1498.0,8948.0
3372,156.0,1498.0,8948.0
3373,155.0,1486.0,8828.0
3374,155.0,1486.0,8828.0
3375,156.0,1498.0,8948.0
3376,156.0,1498.0,8948.0
3377,156.0,1498.0,8948.0
3378,155.0,1486.0,8828.0
3379,157.0,1514.0,9028.0
3380,157.0,1514.0,9028.0
3381,155.0,1482.0,8868.0
3382,154.0,1470.0,8748.0
3383,154.0,1470.0,8748.0
3384,155.0,1482.0,8868.0
3385,156.0,1490.0,9268.0
3386,156.0,1490.0,9268.0
3387,155.0,1482.0,8868.0
3388,155.0,1482.0,8868.0
3389,155.0,1482.0,8868.0
3390,154.0,1470.0,8748.0
3391,154.0,1470.0,8748.0
3392,155.0,1482.0,8868.0
3393,154.0,1474.0,8828.0
3394,153.0,1466.0,8788.0
3395,152.0,1454.0,8668.0
3396,152.0,1454.0,8668.0
3397,156.0,1518.0,8988.0
3398,153.0,1478.0,8788.0
3399,149.0,1418.0,8428.0
3400,149.0,1418.0,8428.0
3401,149.0,1418.0,8428.0
3402,149.0,1418.0,8428.0
3403,149.0,1418.0,8428.0
3404,149.0,1418.0,8428.0
3405,149.0,1418.0,8428.0
3406,149.0,1418.0,8428.0
3407,149.0,1418.0,8428.0
3408,149.0,1418.0,8428.0
3409,149.0,1418.0,8428.0
3410,149.0,1418.0,8428.0
3411,149.0,1418.0,8428.0
3412,149.0,1418.0,8428.0
3413,149.0,1418.0,8428.0
3414,149.0,1418.0,8428.0
3415,150.0,1430.0,8468.0
3416,150.0,1434.0,8508.0
3417,150.0,1434.0,8508.0
3418,149.0,1418.0,8428.0
3419,149.0,1418.0,8428.0
3420,149.0,1418.0,8428.0
3421,149.0,1418.0,8428.0
3422,149.0,1418.0,8428.0
3423,149.0,1418.0,8428.0
3424,150.0,1434.0,8508.0
3425,150.0,1434.0,8508.0
3426,150.0,1434.0,8508.0
3427,149.0,1418.0,8428.0
3428,149.0,1418.0,8428.0
3429,149.0,1418.0,8428.0
3430,149.0,1418.0,8428.0
3431,149.0,1418.0,8428.0
3432,149.0,1418.0,8428.0
3433,150.0,1434.0,8508.0
3434,150.0,1434.0,8508.0
3435,149.0,1418.0,8428.0
3436,149.0,1418.0,8428.0
3437,149.0,1418.0,8428.0
3438,149.0,1418.0,8428.0
3439,149.0,1418.0,8428.0
3440,149.0,1418.0,8428.0
3441,149.0,1418.0,8428.0
3442,149.0,1418.0,8428.0
3443,149.0,1418.0,8428.0
3444,149.0,1418.0,8428.0
3445,149.0,1418.0,8428.0
3446,149.0,1418.0,8428.0
3447,149.0,1418.0,8428.0
3448,149.0,1418.0,8428.0
3449,149.0,1418.0,8428.0
3450,149.0,1418.0,8428.0
3451,149.0,1418.0,8428.0
3452,152.0,1466.0,8668.0
3453,150.0,1434.0,8508.0
3454,149.0,1418.0,8428.0
3455,149.0,1418.0,8428.0
3456,149.0,1418.0,8428.0
3457,149.0,1418.0,8428.0
3458,149.0,1418.0,8428.0
3459,149.0,1418.0,8428.0
3460,149.0,1418.0,8428.0
3461,151.0,1434.0,8508.0
3462,151.0,1434.0,8508.0
3463,151.0,1434.0,8508.0
3464,151.0,1434.0,8508.0
3465,151.0,1434.0,8508.0
3466,151.0,1434.0,8508.0
3467,151.0,1434.0,8508.0
3468,151.0,1434.0,8508.0
3469,151.0,1434.0,8508.0
3470,149.0,1418.0,8428.0
3471,149.0,1418.0,8428.0
3472,149.0,1418.0,8428.0
3473,149.0,1418.0,8428.0
3474,149.0,1418.0,8428.0
3475,149.0,1418.0,8428.0
3476,149.0,1418.0,8428.0
3477,149.0,1418.0,8428.0
3478,149.0,1418.0,8428.0
3479,149.0,1418.0,8428.0
3480,149.0,1418.0,8428.0
3481,149.0,1418.0,8428.0
3482,149.0,1418.0,8428.0
3483,149.0,1418.0,8428.0
3484,149.0,1418.0,8428.0
3485,149.0,1418.0,8428.0
3486,149.0,1418.0,8428.0
3487,149.0,1418.0,8428.0
3488,149.0,1418.0,8428.0
3489,149.0,1418.0,8428.0
3490,149.0,1418.0,8428.0
3491,149.0,1418.0,8428.0
3492,149.0,1418.0,8428.0
3493,149.0,1418.0,8428.0
3494,149.0,1418.0,8428.0
3495,149.0,1418.0,8428.0
3496,149.0,1418.0,8428.0
3497,149.0,1418.0,8428.0
3498,149.0,1418.0,8428.0
3499,149.0,1418.0,8428.0
3500,149.0,1418.0,8428.0
3501,149.0,1418.0,8428.0
3502,149.0,1418.0,8428.0
3503,149.0,1418.0,8428.0
3504,149.0,1418.0,8428.0
3505,149.0,1418.0,8428.0
3506,149.0,1418.0,8428.0
3507,149.0,1418.0,8428.0
3508,149.0,1418.0,8428.0
3509,149.0,1418.0,8428.0
3510,149.0,1418.0,8428.0
3511,149.0,1418.0,8428.0
3512,149.0,1418.0,8428.0
3513,149.0,1418.0,8428.0
3514,149.0,1418.0,8428.0
3515,149.0,1418.0,8428.0
3516,149.0,1418.0,8428.0
3517,149.0,1418.0,8428.0
3518,149.0,1418.0,8428.0
3519,149.0,1418.0,8428.0
3520,149.0,1418.0,8428.0
3521,149.0,1418.0,8428.0
3522,149.0,1418.0,8428.0
3523,149.0,1418.0,8428.0
3524,149.0,1418.0,8428.0
3525,149.0,1418.0,8428.0
3526,149.0,1418.0,8428.0
3527,149.0,1418.0,8428.0
3528,149.0,1418.0,8428.0
3529,149.0,1418.0,8428.0
3530,149.0,1418.0,8428.0
3531,149.0,1418.0,8428.0
3532,149.0,1418.0,8428.0
3533,149.0,1418.0,8428.0
3534,149.0,1418.0,8428.0
3535,149.0,1418.0,8428.0
3536,149.0,1418.0,8428.0
3537,149.0,1418.0,8428.0
3538,149.0,1418.0,8428.0
3539,149.0,1418.0,8428.0
3540,149.0,1418.0,8428.0
3541,149.0,1418.0,8428.0
3542,149.0,1418.0,8428.0
3543,149.0,1418.0,8428.0
3544,149.0,1418.0,8428.0
3545,149.0,1418.0,8428.0
3546,149.0,1418.0,8428.0
3547,149.0,1418.0,8428.0
3548,149.0,1418.0,8428.0
3549,149.0,1418.0,8428.0
3550,149.0,1418.0,8428.0
3551,149.0,1418.0,8428.0
3552,149.0,1418.0,8428.0
3553,149.0,1418.0,8428.0
3554,149.0,1418.0,8428.0
3555,149.0,1418.0,8428.0
3556,149.0,1418.0,8428.0
3557,149.0,1418.0,8428.0
3558,149.0,1418.0,8428.0
3559,149.0,1418.0,8428.0
3560,149.0,1418.0,8428.0
3561,149.0,1418.0,8428.0
3562,150.0,1434.0,8508.0
3563,150.0,1434.0,8508.0
3564,150.0,1434.0,8508.0
3565,150.0,1434.0,8508.0
3566,150.0,1434.0,8508.0
3567,150.0,1434.0,8508.0
3568,150.0,1434.0,8508.0
3569,150.0,1434.0,8508.0
3570,150.0,1434.0,8508.0
3571,150.0,1434.0,8508.0
3572,150.0,1434.0,8508.0
3573,150.0,1434.0,8508.0
3574,150.0,1434.0,8508.0
3575,150.0,1434.0,8508.0
3576,150.0,1434.0,8508.0
3577,150.0,1434.0,8508.0
3578,150.0,1434.0,8508.0
3579,150.0,1434.0,8508.0
3580,150.0,1434.0,8508.0
3581,150.0,1434.0,8508.0
3582,150.0,1434.0,8508.0
3583,150.0,1434.0,8508.0
3584,150.0,1434.0,8508.0
3585,150.0,1434.0,8508.0
3586,150.0,1434.0,8508.0
3587,150.0,1434.0,8508.0
3588,150.0,1434.0,8508.0
3589,150.0,1434.0,8508.0
3590,150.0,1434.0,8508.0
3591,150.0,1434.0,8508.0
3592,150.0,1434.0,8508.0
3593,151.0,1442.0,8548.0
3594,151.0,1442.0,8548.0
3595,151.0,1442.0,8548.0
3596,151.0,1442.0,8548.0
3597,151.0,1442.0,8548.0
3598,151.0,1442.0,8548.0
3599,153.0,1466.0,8668.0
3600,153.0,1466.0,8668.0
3601,151.0,1442.0,8548.0
3602,151.0,1442.0,8548.0
3603,151.0,1442.0,8548.0
3604,151.0,1442.0,8548.0
3605,151.0,1442.0,8548.0
3606,151.0,1442.0,8548.0
3607,151.0,1442.0,8548.0
3608,151.0,1442.0,8548.0
3609,151.0,1442.0,8548.0
3610,151.0,1442.0,8548.0
3611,151.0,1442.0,8548.0
3612,151.0,1442.0,8548.0
3613,151.0,1442.0,8548.0
3614,151.0,1442.0,8548.0
3615,151.0,1442.0,8548.0
3616,152.0,1450.0,8588.0
3617,155.0,1490.0,8788.0
3618,155.0,1490.0,8788.0
3619,152.0,1450.0,8588.0
3620,152.0,1450.0,8588.0
3621,152.0,1450.0,8588.0
3622,152.0,1450.0,8588.0
3623,152.0,1450.0,8588.0
3624,152.0,1450.0,8588.0
3625,152.0,1450.0,8588.0
3626,152.0,1450.0,8588.0
3627,152.0,1450.0,8588.0
3628,154.0,1460.0,8644.0
3629,154.0,1460.0,8644.0
3630,154.0,1460.0,8644.0
3631,154.0,1460.0,8644.0
3632,154.0,1460.0,8644.0
3633,154.0,1460.0,8644.0
3634,154.0,1460.0,8644.0
3635,153.0,1452.0,8604.0
3636,153.0,1452.0,8604.0
3637,153.0,1452.0,8604.0
3638,153.0,1452.0,8604.0
3639,153.0,1452.0,8604.0
3640,153.0,1452.0,8604.0
3641,153.0,1452.0,8604.0
3642,153.0,1452.0,8604.0
3643,146.0,1396.0,8292.0
3644,146.0,1396.0,8292.0
3645,146.0,1396.0,8292.0
3646,146.0,1396.0,8292.0
3647,146.0,1396.0,8292.0
3648,146.0,1396.0,8292.0
3649,146.0,1396.0,8292.0
3650,146.0,1396.0,8292.0
3651,146.0,1396.0,8292.0
3652,146.0,1396.0,8292.0
3653,146.0,1396.0,8292.0
3654,149.0,1428.0,8452.0
3655,149.0,1428.0,8452.0
3656,146.0,1404.0,8332.0
3657,145.0,1396.0,8292.0
3658,145.0,1396.0,8292.0
3659,145.0,1396.0,8292.0
3660,157.0,1492.0,8772.0
3661,157.0,1492.0,8772.0
3662,157.0,1492.0,8772.0
3663,157.0,1492.0,8772.0
3664,157.0,1492.0,8772.0
3665,157.0,1492.0,8772.0
3666,161.0,1524.0,8932.0
3667,161.0,1508.0,8852.0
3668,160.0,1500.0,8092.0
3669,159.0,1492.0,8052.0
3670,160.0,1496.0,8012.0
3671,160.0,1496.0,8012.0
3672,163.0,1520.0,8132.0
3673,163.0,1520.0,8132.0
3674,162.0,1512.0,8092.0
3675,162.0,1512.0,8092.0
3676,161.0,1504.0,8052.0
3677,171.0,1604.0,8580.0
3678,170.0,1596.0,8540.0
3679,153.0,1440.0,7804.0
3680,153.0,1440.0,7804.0
3681,152.0,1432.0,7764.0
3682,152.0,1432.0,7764.0
3683,152.0,1432.0,7764.0
3684,151.0,1420.0,7644.0
3685,152.0,1428.0,7660.0
3686,152.0,1428.0,7660.0
3687,151.0,1420.0,7644.0
3688,151.0,1420.0,7644.0
3689,151.0,1420.0,7644.0
3690,151.0,1420.0,7644.0
3691,151.0,1420.0,7644.0
3692,151.0,1420.0,7644.0
3693,151.0,1420.0,7644.0
3694,151.0,1420.0,7644.0
3695,151.0,1420.0,7644.0
3696,151.0,1420.0,7644.0
3697,151.0,1420.0,7644.0
3698,151.0,1420.0,7644.0
3699,151.0,1420.0,7644.0
3700,151.0,1420.0,7644.0
3701,150.0,1412.0,7604.0
3702,150.0,1412.0,7604.0
3703,150.0,1412.0,7604.0
3704,154.0,1444.0,7740.0
3705,160.0,1516.0,8460.0
3706,157.0,1492.0,8364.0
3707,156.0,1484.0,8324.0
3708,156.0,1484.0,8324.0
3709,156.0,1484.0,8324.0
3710,151.0,1424.0,7724.0
3711,149.0,1400.0,7484.0
3712,149.0,1400.0,7484.0
3713,150.0,1412.0,7604.0
3714,150.0,1412.0,7604.0
3715,150.0,1412.0,7604.0
3716,150.0,1412.0,7604.0
3717,150.0,1412.0,7604.0
3718,148.0,1388.0,7364.0
3719,145.0,1352.0,7004.0
3720,146.0,1360.0,7044.0
3721,147.0,1372.0,7164.0
3722,141.0,1324.0,6948.0
3723,139.0,1300.0,6708.0
3724,139.0,1300.0,6708.0
3725,143.0,1332.0,6868.0
3726,143.0,1332.0,6868.0
3727,139.0,1300.0,6708.0
3728,139.0,1300.0,6708.0
3729,139.0,1300.0,6708.0
3730,140.0,1308.0,6748.0
3731,140.0,1308.0,6748.0
3732,140.0,1308.0,6748.0
3733,140.0,1308.0,6748.0
3734,139.0,1296.0,6628.0
3735,138.0,1288.0,6588.0
3736,138.0,1288.0,6588.0
3737,138.0,1288.0,6588.0
3738,138.0,1288.0,6588.0
3739,138.0,1288.0,6588.0
3740,138.0,1288.0,6588.0
3741,138.0,1288.0,6588.0
3742,138.0,1288.0,6588.0
3743,138.0,1288.0,6588.0
3744,138.0,1288.0,6588.0
3745,138.0,1288.0,6588.0
3746,138.0,1288.0,6588.0
3747,138.0,1288.0,6588.0
3748,138.0,1288.0,6588.0
3749,139.0,1296.0,6628.0
3750,139.0,1296.0,6628.0
3751,139.0,1296.0,6628.0
3752,139.0,1296.0,6628.0
3753,139.0,1296.0,6628.0
3754,139.0,1296.0,6628.0
3755,139.0,1296.0,6628.0
3756,139.0,1296.0,6628.0
3757,139.0,1296.0,6628.0
3758,140.0,1312.0,6708.0
3759,140.0,1312.0,6708.0
3760,139.0,1296.0,6628.0
3761,139.0,1296.0,6628.0
3762,139.0,1296.0,6628.0
3763,139.0,1296.0,6628.0
3764,139.0,1296.0,6628.0
3765,139.0,1296.0,6628.0
3766,139.0,1296.0,6628.0
3767,139.0,1296.0,6628.0
3768,139.0,1296.0,6628.0
3769,139.0,1296.0,6628.0
3770,139.0,1296.0,6628.0
3771,139.0,1296.0,6628.0
3772,139.0,1296.0,6628.0
3773,139.0,1296.0,6628.0
3774,140.0,1304.0,6668.0
3775,140.0,1304.0,6668.0
3776,140.0,1304.0,6668.0
3777,139.0,1296.0,6628.0
3778,139.0,1296.0,6628.0
3779,139.0,1296.0,6628.0
3780,139.0,1296.0,6628.0
3781,139.0,1296.0,6628.0
3782,139.0,1296.0,6628.0
3783,139.0,1296.0,6628.0
3784,139.0,1296.0,6628.0
3785,139.0,1296.0,6628.0
3786,139.0,1296.0,6628.0
3787,139.0,1296.0,6628.0
3788,139.0,1296.0,6628.0
3789,139.0,1296.0,6628.0
3790,139.0,1296.0,6628.0
3791,139.0,1296.0,6628.0
3792,139.0,1296.0,6628.0
3793,139.0,1296.0,6628.0
3794,139.0,1296.0,6628.0
3795,140.0,1304.0,6668.0
3796,140.0,1304.0,6668.0
3797,140.0,1304.0,6668.0
3798,139.0,1296.0,6628.0
3799,139.0,1296.0,6628.0
3800,139.0,1296.0,6628.0
3801,140.0,1304.0,6668.0
3802,143.0,1352.0,6908.0
3803,140.0,1312.0,6708.0
3804,139.0,1296.0,6628.0
3805,139.0,1296.0,6628.0
3806,139.0,1296.0,6628.0
3807,139.0,1296.0,6628.0
3808,139.0,1296.0,6628.0
3809,139.0,1296.0,6628.0
3810,139.0,1296.0,6628.0
3811,139.0,1296.0,6628.0
3812,139.0,1296.0,6628.0
3813,139.0,1296.0,6628.0
3814,139.0,1296.0,6628.0
3815,140.0,1304.0,6668.0
3816,140.0,1304.0,6668.0
3817,140.0,1304.0,6668.0
3818,139.0,1296.0,6628.0
3819,140.0,1304.0,6668.0
3820,141.0,1312.0,6708.0
3821,141.0,1312.0,6708.0
3822,141.0,1312.0,6708.0
3823,140.0,1304.0,6668.0
3824,140.0,1304.0,6668.0
3825,139.0,1296.0,6628.0
3826,139.0,1296.0,6628.0
3827,139.0,1296.0,6628.0
3828,139.0,1296.0,6628.0
3829,139.0,1296.0,6628.0
3830,139.0,1296.0,6628.0
3831,139.0,1296.0,6628.0
3832,139.0,1296.0,6628.0
3833,139.0,1296.0,6628.0
3834,139.0,1296.0,6628.0
3835,139.0,1296.0,6628.0
3836,139.0,1296.0,6628.0
3837,139.0,1296.0,6628.0
3838,140.0,1304.0,6668.0
3839,143.0,1344.0,6868.0
3840,142.0,1328.0,6788.0
3841,140.0,1304.0,6668.0
3842,140.0,1304.0,6668.0
3843,140.0,1304.0,6668.0
3844,140.0,1304.0,6668.0
3845,140.0,1304.0,6668.0
3846,140.0,1304.0,6668.0
3847,141.0,1312.0,6708.0
3848,140.0,1304.0,6668.0
3849,141.0,1312.0,6708.0
3850,141.0,1312.0,6708.0
3851,141.0,1312.0,6708.0
3852,140.0,1304.0,6668.0
3853,139.0,1296.0,6628.0
3854,139.0,1296.0,6628.0
3855,139.0,1296.0,6628.0
3856,139.0,1296.0,6628.0
3857,141.0,1312.0,6708.0
3858,141.0,1312.0,6708.0
3859,140.0,1304.0,6668.0
3860,139.0,1296.0,6628.0
3861,139.0,1296.0,6628.0
3862,139.0,1296.0,6628.0
3863,139.0,1296.0,6628.0
3864,139.0,1296.0,6628.0
3865,139.0,1296.0,6628.0
3866,139.0,1296.0,6628.0
3867,139.0,1296.0,6628.0
3868,139.0,1296.0,6628.0
3869,139.0,1296.0,6628.0
3870,139.0,1296.0,6628.0
3871,139.0,1296.0,6628.0
3872,139.0,1296.0,6628.0
3873,140.0,1304.0,6668.0
3874,140.0,1304.0,6668.0
3875,142.0,1320.0,6748.0
3876,142.0,1320.0,6748.0
3877,141.0,1312.0,6708.0
3878,140.0,1304.0,6668.0
3879,139.0,1296.0,6628.0
3880,139.0,1296.0,6628.0
3881,139.0,1296.0,6628.0
3882,140.0,1304.0,6668.0
3883,140.0,1304.0,6668.0
3884,140.0,1304.0,6668.0
3885,140.0,1304.0,6668.0
3886,139.0,1296.0,6628.0
3887,138.0,1288.0,6588.0
3888,138.0,1288.0,6588.0
3889,138.0,1288.0,6588.0
3890,138.0,1288.0,6588.0
3891,139.0,1296.0,6628.0
3892,139.0,1296.0,6628.0
3893,139.0,1296.0,6628.0
3894,140.0,1304.0,6668.0
3895,141.0,1312.0,6708.0
3896,139.0,1296.0,6628.0
3897,139.0,1296.0,6628.0
3898,139.0,1296.0,6628.0
3899,139.0,1296.0,6628.0
3900,139.0,1296.0,6628.0
3901,140.0,1304.0,6668.0
3902,140.0,1304.0,6668.0
3903,140.0,1304.0,6668.0
3904,139.0,1296.0,6628.0
3905,138.0,1288.0,6588.0
3906,138.0,1288.0,6588.0
3907,138.0,1288.0,6588.0
3908,138.0,1288.0,6588.0
3909,138.0,1288.0,6588.0
3910,138.0,1288.0,6588.0
3911,140.0,1304.0,6644.0
3912,138.0,1288.0,6564.0
3913,137.0,1280.0,6548.0
3914,135.0,1260.0,6388.0
3915,134.0,1248.0,6268.0
3916,134.0,1248.0,6268.0
3917,134.0,1248.0,6268.0
3918,136.0,1264.0,6348.0
3919,136.0,1264.0,6348.0
3920,135.0,1256.0,6308.0
3921,136.0,1264.0,6348.0
3922,136.0,1264.0,6348.0
3923,135.0,1256.0,6308.0
3924,135.0,1256.0,6308.0
3925,135.0,1256.0,6308.0
3926,135.0,1256.0,6308.0
3927,135.0,1256.0,6308.0
3928,135.0,1256.0,6308.0
3929,135.0,1256.0,6308.0
3930,136.0,1264.0,6348.0
3931,137.0,1272.0,6388.0
3932,137.0,1272.0,6388.0
3933,139.0,1288.0,6468.0
3934,143.0,1320.0,6628.0
3935,143.0,1320.0,6628.0
3936,139.0,1288.0,6468.0
3937,140.0,1300.0,6588.0
3938,140.0,1300.0,6588.0
3939,140.0,1300.0,6588.0
3940,140.0,1296.0,6508.0
3941,142.0,1312.0,6588.0
3942,141.0,1304.0,6548.0
3943,139.0,1288.0,6468.0
3944,140.0,1296.0,6508.0
3945,140.0,1296.0,6508.0
3946,140.0,1296.0,6508.0
3947,140.0,1296.0,6508.0
3948,140.0,1296.0,6508.0
3949,140.0,1296.0,6508.0
3950,140.0,1296.0,6508.0
3951,139.0,1288.0,6468.0
3952,139.0,1288.0,6468.0
3953,139.0,1288.0,6468.0
3954,139.0,1288.0,6468.0
3955,139.0,1288.0,6468.0
3956,139.0,1288.0,6468.0
3957,139.0,1288.0,6468.0
3958,139.0,1288.0,6468.0
3959,139.0,1288.0,6468.0
3960,139.0,1288.0,6468.0
3961,139.0,1288.0,6468.0
3962,139.0,1288.0,6468.0
3963,139.0,1288.0,6468.0
3964,139.0,1288.0,6468.0
3965,139.0,1288.0,6468.0
3966,139.0,1288.0,6468.0
3967,140.0,1296.0,6508.0
3968,139.0,1288.0,6468.0
3969,139.0,1288.0,6468.0
3970,139.0,1288.0,6468.0
3971,139.0,1288.0,6468.0
3972,139.0,1288.0,6468.0
3973,139.0,1288.0,6468.0
3974,139.0,1288.0,6468.0
3975,139.0,1288.0,6468.0
3976,139.0,1288.0,6468.0
3977,153.0,1408.0,7068.0
3978,154.0,1416.0,7108.0
3979,147.0,1352.0,6788.0
3980,146.0,1344.0,6748.0
3981,146.0,1344.0,6748.0
3982,146.0,1344.0,6748.0
3983,146.0,1344.0,6748.0
3984,146.0,1344.0,6748.0
3985,146.0,1344.0,6748.0
3986,146.0,1344.0,6748.0
3987,146.0,1344.0,6748.0
3988,146.0,1344.0,6748.0
3989,146.0,1344.0,6748.0
3990,146.0,1344.0,6748.0
3991,146.0,1344.0,6748.0
3992,146.0,1344.0,6748.0
3993,146.0,1344.0,6748.0
3994,146.0,1344.0,6748.0
3995,149.0,1368.0,6868.0
3996,150.0,1376.0,6908.0
3997,146.0,1344.0,6748.0
3998,145.0,1336.0,6708.0
3999,144.0,1328.0,6668.0
4000,144.0,1328.0,6668.0
4001,144.0,1328.0,6668.0
4002,144.0,1328.0,6668.0
4003,144.0,1328.0,6668.0
4004,144.0,1328.0,6668.0
4005,144.0,1328.0,6668.0
4006,144.0,1328.0,6668.0
4007,144.0,1328.0,6668.0
4008,144.0,1328.0,6668.0
4009,144.0,1328.0,6668.0
4010,144.0,1328.0,6668.0
4011,144.0,1328.0,6668.0
4012,144.0,1328.0,6668.0
4013,148.0,1368.0,6868.0
4014,148.0,1368.0,6868.0
4015,147.0,1360.0,6828.0
4016,147.0,1352.0,6788.0
4017,145.0,1336.0,6708.0
4018,146.0,1344.0,6748.0
4019,146.0,1344.0,6748.0
4020,146.0,1344.0,6748.0
4021,146.0,1344.0,6748.0
4022,146.0,1344.0,6748.0
4023,145.0,1336.0,6708.0
4024,145.0,1336.0,6708.0
4025,145.0,1336.0,6708.0
4026,145.0,1336.0,6708.0
4027,145.0,1336.0,6708.0
4028,145.0,1336.0,6708.0
4029,145.0,1336.0,6708.0
4030,145.0,1336.0,6708.0
4031,145.0,1336.0,6708.0
4032,147.0,1352.0,6788.0
4033,146.0,1344.0,6748.0
4034,145.0,1336.0,6708.0
4035,145.0,1336.0,6708.0
4036,145.0,1336.0,6708.0
4037,146.0,1344.0,6748.0
4038,147.0,1352.0,6788.0
4039,146.0,1344.0,6748.0
4040,146.0,1344.0,6748.0
4041,146.0,1344.0,6748.0
4042,146.0,1344.0,6748.0
4043,146.0,1344.0,6748.0
4044,146.0,1344.0,6748.0
4045,145.0,1336.0,6708.0
4046,145.0,1336.0,6708.0
4047,145.0,1336.0,6708.0
4048,145.0,1336.0,6708.0
4049,145.0,1336.0,6708.0
4050,148.0,1360.0,6828.0
4051,148.0,1360.0,6828.0
4052,146.0,1344.0,6748.0
4053,146.0,1344.0,6748.0
4054,146.0,1344.0,6748.0
4055,146.0,1344.0,6748.0
4056,146.0,1344.0,6748.0
4057,146.0,1344.0,6748.0
4058,146.0,1344.0,6748.0
4059,146.0,1344.0,6748.0
4060,146.0,1344.0,6748.0
4061,146.0,1344.0,6748.0
4062,146.0,1344.0,6748.0
4063,148.0,1360.0,6828.0
4064,147.0,1352.0,6788.0
4065,147.0,1352.0,6788.0
4066,146.0,1344.0,6748.0
4067,146.0,1344.0,6748.0
4068,146.0,1344.0,6748.0
4069,146.0,1344.0,6748.0
4070,146.0,1344.0,6748.0
4071,146.0,1344.0,6748.0
4072,146.0,1344.0,6748.0
4073,146.0,1344.0,6748.0
4074,146.0,1344.0,6748.0
4075,146.0,1344.0,6748.0
4076,146.0,1344.0,6748.0
4077,146.0,1344.0,6748.0
4078,146.0,1344.0,6748.0
4079,146.0,1344.0,6748.0
4080,146.0,1344.0,6748.0
4081,146.0,1344.0,6748.0
4082,146.0,1344.0,6748.0
4083,146.0,1344.0,6748.0
4084,146.0,1344.0,6748.0
4085,147.0,1352.0,6788.0
4086,146.0,1344.0,6748.0
4087,146.0,1344.0,6748.0
4088,146.0,1344.0,6748.0
4089,145.0,1336.0,6708.0
4090,145.0,1336.0,6708.0
4091,145.0,1336.0,6708.0
4092,145.0,1336.0,6708.0
4093,145.0,1336.0,6708.0
4094,145.0,1336.0,6708.0
4095,145.0,1336.0,6708.0
4096,145.0,1336.0,6708.0
4097,145.0,1336.0,6708.0
4098,145.0,1336.0,6708.0
4099,145.0,1336.0,6708.0
4100,145.0,1336.0,6708.0
4101,145.0,1336.0,6708.0
4102,145.0,1336.0,6708.0
4103,145.0,1336.0,6708.0
4104,145.0,1336.0,6708.0
4105,146.0,1344.0,6748.0
4106,146.0,1344.0,6748.0
4107,145.0,1336.0,6708.0
4108,146.0,1344.0,6748.0
4109,145.0,1336.0,6708.0
4110,146.0,1344.0,6748.0
4111,146.0,1344.0,6748.0
4112,147.0,1352.0,6788.0
4113,146.0,1344.0,6748.0
4114,146.0,1344.0,6748.0
4115,145.0,1336.0,6708.0
4116,145.0,1336.0,6708.0
4117,145.0,1336.0,6708.0
4118,145.0,1336.0,6708.0
4119,145.0,1336.0,6708.0
4120,145.0,1336.0,6708.0
4121,145.0,1336.0,6708.0
4122,145.0,1336.0,6708.0
4123,145.0,1336.0,6708.0
4124,145.0,1336.0,6708.0
4125,145.0,1336.0,6708.0
4126,145.0,1336.0,6708.0
4127,145.0,1336.0,6708.0
4128,146.0,1344.0,6748.0
4129,145.0,1336.0,6708.0
4130,145.0,1336.0,6708.0
4131,145.0,1336.0,6708.0
4132,145.0,1336.0,6708.0
4133,145.0,1336.0,6708.0
4134,146.0,1344.0,6748.0
4135,147.0,1352.0,6788.0
4136,146.0,1344.0,6748.0
4137,145.0,1336.0,6708.0
4138,145.0,1336.0,6708.0
4139,145.0,1336.0,6708.0
4140,145.0,1336.0,6708.0
4141,145.0,1336.0,6708.0
4142,145.0,1336.0,6708.0
4143,145.0,1336.0,6708.0
4144,145.0,1336.0,6708.0
4145,145.0,1336.0,6708.0
4146,145.0,1336.0,6708.0
4147,145.0,1336.0,6708.0
4148,145.0,1336.0,6708.0
4149,145.0,1336.0,6708.0
4150,145.0,1336.0,6708.0
4151,145.0,1336.0,6708.0
4152,145.0,1336.0,6708.0
4153,145.0,1336.0,6708.0
4154,145.0,1336.0,6708.0
4155,145.0,1336.0,6708.0
4156,146.0,1344.0,6748.0
4157,145.0,1336.0,6708.0
4158,145.0,1336.0,6708.0
4159,146.0,1344.0,6748.0
4160,146.0,1344.0,6748.0
4161,146.0,1344.0,6748.0
4162,146.0,1344.0,6748.0
4163,146.0,1344.0,6748.0
4164,146.0,1344.0,6748.0
4165,146.0,1344.0,6748.0
4166,146.0,1344.0,6748.0
4167,146.0,1344.0,6748.0
4168,146.0,1344.0,6748.0
4169,146.0,1344.0,6748.0
4170,146.0,1344.0,6748.0
4171,146.0,1344.0,6748.0
4172,146.0,1344.0,6748.0
4173,146.0,1344.0,6748.0
4174,146.0,1344.0,6748.0
4175,146.0,1344.0,6748.0
4176,146.0,1344.0,6748.0
4177,146.0,1344.0,6748.0
4178,146.0,1344.0,6748.0
4179,147.0,1352.0,6788.0
4180,147.0,1352.0,6788.0
4181,147.0,1352.0,6788.0
4182,146.0,1344.0,6748.0
4183,146.0,1344.0,6748.0
4184,147.0,1352.0,6788.0
4185,147.0,1352.0,6788.0
4186,147.0,1352.0,6788.0
4187,146.0,1344.0,6748.0
4188,146.0,1344.0,6748.0
4189,146.0,1344.0,6748.0
4190,146.0,1344.0,6748.0
4191,146.0,1344.0,6748.0
4192,146.0,1344.0,6748.0
4193,146.0,1344.0,6748.0
4194,146.0,1344.0,6748.0
4195,146.0,1344.0,6748.0
4196,146.0,1344.0,6748.0
4197,146.0,1344.0,6748.0
4198,146.0,1344.0,6748.0
4199,146.0,1344.0,6748.0
4200,146.0,1344.0,6748.0
4201,147.0,1352.0,6788.0
4202,146.0,1344.0,6748.0
4203,146.0,1344.0,6748.0
4204,146.0,1344.0,6748.0
4205,148.0,1360.0,6828.0
4206,147.0,1352.0,6788.0
4207,147.0,1352.0,6788.0
4208,146.0,1344.0,6748.0
4209,146.0,1344.0,6748.0
4210,146.0,1344.0,6748.0
4211,146.0,1344.0,6748.0
4212,146.0,1344.0,6748.0
4213,146.0,1344.0,6748.0
4214,146.0,1344.0,6748.0
4215,146.0,1344.0,6748.0
4216,146.0,1344.0,6748.0
4217,146.0,1344.0,6748.0
4218,146.0,1344.0,6748.0
4219,146.0,1344.0,6748.0
4220,147.0,1352.0,6788.0
4221,148.0,1360.0,6828.0
4222,147.0,1352.0,6788.0
4223,147.0,1352.0,6788.0
4224,146.0,1344.0,6748.0
4225,146.0,1344.0,6748.0
4226,146.0,1344.0,6748.0
4227,146.0,1344.0,6748.0
4228,146.0,1344.0,6748.0
4229,146.0,1344.0,6748.0
4230,146.0,1344.0,6748.0
4231,146.0,1344.0,6748.0
4232,146.0,1344.0,6748.0
4233,146.0,1344.0,6748.0
4234,146.0,1344.0,6748.0
4235,146.0,1344.0,6748.0
4236,146.0,1344.0,6748.0
4237,146.0,1344.0,6748.0
4238,146.0,1344.0,6748.0
4239,146.0,1344.0,6748.0
4240,146.0,1344.0,6748.0
4241,146.0,1344.0,6748.0
4242,146.0,1344.0,6748.0
4243,147.0,1352.0,6788.0
4244,148.0,1360.0,6828.0
4245,147.0,1352.0,6788.0
4246,146.0,1344.0,6748.0
4247,146.0,1344.0,6748.0
4248,146.0,1344.0,6748.0
4249,146.0,1344.0,6748.0
4250,146.0,1344.0,6748.0
4251,146.0,1344.0,6748.0
4252,146.0,1344.0,6748.0
4253,146.0,1344.0,6748.0
4254,146.0,1344.0,6748.0
4255,146.0,1344.0,6748.0
4256,146.0,1344.0,6748.0
4257,146.0,1344.0,6748.0
4258,146.0,1344.0,6748.0
4259,146.0,1344.0,6748.0
4260,146.0,1344.0,6748.0
4261,147.0,1356.0,6868.0
4262,147.0,1356.0,6868.0
4263,147.0,1356.0,6868.0
4264,146.0,1344.0,6748.0
4265,146.0,1344.0,6748.0
4266,146.0,1344.0,6748.0
4267,146.0,1344.0,6748.0
4268,147.0,1352.0,6788.0
4269,146.0,1344.0,6748.0
4270,146.0,1344.0,6748.0
4271,146.0,1344.0,6748.0
4272,146.0,1344.0,6748.0
4273,146.0,1344.0,6748.0
4274,146.0,1344.0,6748.0
4275,147.0,1352.0,6788.0
4276,147.0,1352.0,6788.0
4277,146.0,1344.0,6748.0
4278,146.0,1344.0,6748.0
4279,146.0,1344.0,6748.0
4280,146.0,1344.0,6748.0
4281,146.0,1344.0,6748.0
4282,146.0,1344.0,6748.0
4283,146.0,1344.0,6748.0
4284,146.0,1344.0,6748.0
4285,146.0,1344.0,6748.0
4286,146.0,1344.0,6748.0
4287,146.0,1344.0,6748.0
4288,146.0,1344.0,6748.0
4289,146.0,1344.0,6748.0
4290,146.0,1344.0,6748.0
4291,146.0,1344.0,6748.0
4292,146.0,1344.0,6748.0
4293,148.0,1360.0,6828.0
4294,147.0,1352.0,6788.0
4295,147.0,1352.0,6788.0
4296,146.0,1344.0,6748.0
4297,146.0,1344.0,6748.0
4298,146.0,1344.0,6748.0
4299,146.0,1344.0,6748.0
4300,146.0,1344.0,6748.0
4301,146.0,1344.0,6748.0
4302,146.0,1344.0,6748.0
4303,146.0,1344.0,6748.0
4304,146.0,1344.0,6748.0
4305,146.0,1344.0,6748.0
4306,147.0,1352.0,6788.0
4307,147.0,1352.0,6788.0
4308,147.0,1352.0,6788.0
4309,147.0,1352.0,6788.0
4310,147.0,1352.0,6788.0
4311,147.0,1352.0,6788.0
4312,147.0,1352.0,6788.0
4313,147.0,1352.0,6788.0
4314,146.0,1344.0,6748.0
4315,146.0,1344.0,6748.0
4316,148.0,1360.0,6828.0
4317,147.0,1352.0,6788.0
4318,147.0,1352.0,6788.0
4319,147.0,1352.0,6788.0
4320,146.0,1344.0,6748.0
4321,146.0,1344.0,6748.0
4322,146.0,1344.0,6748.0
4323,146.0,1344.0,6748.0
4324,146.0,1344.0,6748.0
4325,149.0,1368.0,6868.0
4326,149.0,1368.0,6868.0
4327,149.0,1368.0,6868.0
4328,148.0,1360.0,6828.0
4329,148.0,1360.0,6828.0
4330,147.0,1352.0,6788.0
4331,147.0,1352.0,6788.0
4332,147.0,1352.0,6788.0
4333,147.0,1352.0,6788.0
4334,147.0,1352.0,6788.0
4335,147.0,1352.0,6788.0
4336,147.0,1352.0,6788.0
4337,147.0,1352.0,6788.0
4338,147.0,1352.0,6788.0
4339,146.0,1344.0,6748.0
4340,146.0,1344.0,6748.0
4341,146.0,1344.0,6748.0
4342,147.0,1352.0,6788.0
4343,146.0,1344.0,6748.0
4344,146.0,1344.0,6748.0
4345,146.0,1344.0,6748.0
4346,146.0,1344.0,6748.0
4347,146.0,1344.0,6748.0
4348,146.0,1344.0,6748.0
4349,146.0,1344.0,6748.0
4350,146.0,1344.0,6748.0
4351,146.0,1344.0,6748.0
4352,146.0,1344.0,6748.0
4353,146.0,1344.0,6748.0
4354,146.0,1344.0,6748.0
4355,146.0,1344.0,6748.0
4356,146.0,1344.0,6748.0
4357,146.0,1344.0,6748.0
4358,146.0,1344.0,6748.0
4359,147.0,1352.0,6788.0
4360,147.0,1352.0,6788.0
4361,147.0,1352.0,6788.0
4362,147.0,1352.0,6788.0
4363,148.0,1360.0,6828.0
4364,147.0,1352.0,6788.0
4365,146.0,1344.0,6748.0
4366,146.0,1344.0,6748.0
4367,147.0,1352.0,6788.0
4368,146.0,1344.0,6748.0
4369,146.0,1344.0,6748.0
4370,145.0,1336.0,6708.0
4371,145.0,1336.0,6708.0
4372,145.0,1336.0,6708.0
4373,145.0,1336.0,6708.0
4374,145.0,1336.0,6708.0
4375,145.0,1336.0,6708.0
4376,145.0,1336.0,6708.0
4377,145.0,1336.0,6708.0
4378,145.0,1336.0,6708.0
4379,145.0,1336.0,6708.0
4380,145.0,1336.0,6708.0
4381,145.0,1336.0,6708.0
4382,145.0,1336.0,6708.0
4383,145.0,1336.0,6708.0
4384,145.0,1336.0,6708.0
4385,145.0,1336.0,6708.0
4386,145.0,1336.0,6708.0
4387,146.0,1344.0,6748.0
4388,146.0,1344.0,6748.0
4389,146.0,1344.0,6748.0
4390,146.0,1344.0,6748.0
4391,145.0,1336.0,6708.0
4392,145.0,1336.0,6708.0
4393,147.0,1352.0,6788.0
4394,146.0,1344.0,6748.0
4395,146.0,1344.0,6748.0
4396,146.0,1344.0,6748.0
4397,145.0,1336.0,6708.0
4398,145.0,1336.0,6708.0
4399,145.0,1336.0,6708.0
4400,145.0,1336.0,6708.0
4401,145.0,1336.0,6708.0
4402,145.0,1336.0,6708.0
4403,145.0,1336.0,6708.0
4404,145.0,1336.0,6708.0
4405,145.0,1336.0,6708.0
4406,145.0,1336.0,6708.0
4407,145.0,1336.0,6708.0
4408,145.0,1336.0,6708.0
4409,145.0,1336.0,6708.0
4410,146.0,1344.0,6748.0
4411,146.0,1344.0,6748.0
4412,146.0,1344.0,6748.0
4413,146.0,1344.0,6748.0
4414,146.0,1344.0,6748.0
4415,145.0,1336.0,6708.0
4416,146.0,1344.0,6748.0
4417,147.0,1352.0,6788.0
4418,146.0,1344.0,6748.0
4419,146.0,1344.0,6748.0
4420,145.0,1336.0,6708.0
4421,145.0,1336.0,6708.0
4422,145.0,1336.0,6708.0
4423,145.0,1336.0,6708.0
4424,145.0,1336.0,6708.0
4425,145.0,1336.0,6708.0
4426,145.0,1336.0,6708.0
4427,145.0,1336.0,6708.0
4428,145.0,1336.0,6708.0
4429,145.0,1336.0,6708.0
4430,145.0,1336.0,6708.0
4431,145.0,1336.0,6708.0
4432,145.0,1336.0,6708.0
4433,145.0,1336.0,6708.0
4434,145.0,1336.0,6708.0
4435,145.0,1336.0,6708.0
4436,146.0,1344.0,6748.0
4437,146.0,1344.0,6748.0
4438,146.0,1344.0,6748.0
4439,145.0,1336.0,6708.0
4440,148.0,1384.0,6948.0
4441,148.0,1384.0,6948.0
4442,145.0,1336.0,6708.0
4443,145.0,1336.0,6708.0
4444,145.0,1336.0,6708.0
4445,145.0,1336.0,6708.0
4446,145.0,1336.0,6708.0
4447,146.0,1348.0,6748.0
4448,145.0,1336.0,6708.0
4449,145.0,1336.0,6708.0
4450,145.0,1336.0,6708.0
4451,145.0,1336.0,6708.0
4452,145.0,1336.0,6708.0
4453,145.0,1336.0,6708.0
4454,145.0,1336.0,6708.0
4455,145.0,1336.0,6708.0
4456,145.0,1336.0,6708.0
4457,146.0,1344.0,6748.0
4458,145.0,1336.0,6708.0
4459,147.0,1360.0,6828.0
4460,146.0,1344.0,6748.0
4461,146.0,1344.0,6748.0
4462,146.0,1344.0,6748.0
4463,145.0,1336.0,6708.0
4464,145.0,1336.0,6708.0
4465,145.0,1336.0,6708.0
4466,145.0,1336.0,6708.0
4467,145.0,1336.0,6708.0
4468,146.0,1348.0,6828.0
4469,146.0,1348.0,6828.0
4470,146.0,1348.0,6828.0
4471,146.0,1348.0,6828.0
4472,145.0,1336.0,6708.0
4473,145.0,1336.0,6708.0
4474,145.0,1336.0,6708.0
4475,145.0,1336.0,6708.0
4476,145.0,1336.0,6708.0
4477,145.0,1336.0,6708.0
4478,145.0,1336.0,6708.0
4479,145.0,1336.0,6708.0
4480,145.0,1336.0,6708.0
4481,145.0,1336.0,6708.0
4482,145.0,1336.0,6708.0
4483,146.0,1344.0,6748.0
4484,147.0,1352.0,6788.0
4485,146.0,1344.0,6748.0
4486,145.0,1336.0,6708.0
4487,145.0,1336.0,6708.0
4488,145.0,1336.0,6708.0
4489,146.0,1344.0,6748.0
4490,146.0,1344.0,6748.0
4491,147.0,1352.0,6788.0
4492,146.0,1344.0,6748.0
4493,146.0,1344.0,6748.0
4494,145.0,1336.0,6708.0
4495,145.0,1336.0,6708.0
4496,145.0,1336.0,6708.0
4497,145.0,1336.0,6708.0
4498,145.0,1336.0,6708.0
4499,145.0,1336.0,6708.0
4500,145.0,1336.0,6708.0
4501,145.0,1336.0,6708.0
4502,145.0,1336.0,6708.0
4503,145.0,1336.0,6708.0
4504,146.0,1344.0,6748.0
4505,146.0,1344.0,6748.0
4506,146.0,1344.0,6748.0
4507,145.0,1336.0,6708.0
4508,145.0,1336.0,6708.0
4509,145.0,1336.0,6708.0
4510,145.0,1336.0,6708.0
4511,145.0,1336.0,6708.0
4512,145.0,1336.0,6708.0
4513,146.0,1344.0,6748.0
4514,146.0,1344.0,6748.0
4515,147.0,1352.0,6788.0
4516,145.0,1336.0,6708.0
4517,145.0,1336.0,6708.0
4518,145.0,1336.0,6708.0
4519,145.0,1336.0,6708.0
4520,145.0,1336.0,6708.0
4521,145.0,1336.0,6708.0
4522,145.0,1336.0,6708.0
4523,147.0,1368.0,6868.0
4524,146.0,1352.0,6788.0
4525,145.0,1336.0,6708.0
4526,145.0,1336.0,6708.0
4527,145.0,1336.0,6708.0
4528,145.0,1336.0,6708.0
4529,145.0,1336.0,6708.0
4530,145.0,1336.0,6708.0
4531,145.0,1336.0,6708.0
4532,145.0,1336.0,6708.0
4533,145.0,1336.0,6708.0
4534,145.0,1336.0,6708.0
4535,145.0,1336.0,6708.0
4536,145.0,1336.0,6708.0
4537,145.0,1336.0,6708.0
4538,145.0,1336.0,6708.0
4539,146.0,1344.0,6748.0
4540,145.0,1336.0,6708.0
4541,145.0,1336.0,6708.0
4542,145.0,1336.0,6708.0
4543,145.0,1336.0,6708.0
4544,145.0,1336.0,6708.0
4545,145.0,1336.0,6708.0
4546,145.0,1336.0,6708.0
4547,145.0,1336.0,6708.0
4548,145.0,1336.0,6708.0
4549,145.0,1336.0,6708.0
4550,145.0,1336.0,6708.0
4551,145.0,1336.0,6708.0
4552,145.0,1336.0,6708.0
4553,145.0,1336.0,6708.0
4554,145.0,1336.0,6708.0
4555,145.0,1336.0,6708.0
4556,145.0,1336.0,6708.0
4557,145.0,1336.0,6708.0
4558,145.0,1336.0,6708.0
4559,145.0,1336.0,6708.0
4560,145.0,1336.0,6708.0
4561,145.0,1336.0,6708.0
4562,146.0,1344.0,6748.0
4563,145.0,1336.0,6708.0
4564,145.0,1336.0,6708.0
4565,145.0,1336.0,6708.0
4566,145.0,1336.0,6708.0
4567,145.0,1336.0,6708.0
4568,145.0,1336.0,6708.0
4569,145.0,1336.0,6708.0
4570,145.0,1336.0,6708.0
4571,145.0,1336.0,6708.0
4572,145.0,1336.0,6708.0
4573,145.0,1336.0,6708.0
4574,145.0,1336.0,6708.0
4575,145.0,1336.0,6708.0
4576,145.0,1336.0,6708.0
4577,145.0,1336.0,6708.0
4578,148.0,1384.0,6948.0
4579,148.0,1384.0,6948.0
4580,144.0,1320.0,6628.0
4581,143.0,1312.0,6588.0
4582,143.0,1312.0,6588.0
4583,143.0,1312.0,6588.0
4584,143.0,1312.0,6588.0
4585,143.0,1312.0,6588.0
4586,144.0,1320.0,6628.0
4587,143.0,1312.0,6588.0
4588,143.0,1312.0,6588.0
4589,143.0,1312.0,6588.0
4590,143.0,1312.0,6588.0
4591,143.0,1312.0,6588.0
4592,143.0,1312.0,6588.0
4593,143.0,1312.0,6588.0
4594,144.0,1320.0,6628.0
4595,144.0,1320.0,6628.0
4596,144.0,1320.0,6628.0
4597,144.0,1320.0,6628.0
4598,144.0,1320.0,6628.0
4599,143.0,1312.0,6588.0
4600,143.0,1312.0,6588.0
4601,143.0,1312.0,6588.0
4602,143.0,1312.0,6588.0
4603,143.0,1312.0,6588.0
4604,143.0,1312.0,6588.0
4605,143.0,1312.0,6588.0
4606,143.0,1312.0,6588.0
4607,143.0,1312.0,6588.0
4608,145.0,1336.0,6708.0
4609,147.0,1360.0,6828.0
4610,145.0,1336.0,6708.0
4611,144.0,1320.0,6628.0
4612,144.0,1320.0,6628.0
4613,144.0,1320.0,6628.0
4614,145.0,1328.0,6668.0
4615,144.0,1320.0,6628.0
4616,144.0,1320.0,6628.0
4617,144.0,1320.0,6628.0
4618,144.0,1320.0,6628.0
4619,144.0,1320.0,6628.0
4620,144.0,1320.0,6628.0
4621,143.0,1312.0,6588.0
4622,143.0,1312.0,6588.0
4623,143.0,1312.0,6588.0
4624,143.0,1312.0,6588.0
4625,143.0,1312.0,6588.0
4626,143.0,1312.0,6588.0
4627,146.0,1352.0,6788.0
4628,144.0,1320.0,6628.0
4629,144.0,1320.0,6628.0
4630,144.0,1320.0,6628.0
4631,144.0,1320.0,6628.0
4632,144.0,1320.0,6628.0
4633,144.0,1320.0,6628.0
4634,145.0,1328.0,6668.0
4635,145.0,1328.0,6668.0
4636,145.0,1328.0,6668.0
4637,144.0,1320.0,6628.0
4638,144.0,1320.0,6628.0
4639,145.0,1328.0,6668.0
4640,144.0,1320.0,6628.0
4641,144.0,1320.0,6628.0
4642,144.0,1320.0,6628.0
4643,144.0,1320.0,6628.0
4644,144.0,1320.0,6628.0
4645,145.0,1328.0,6668.0
4646,145.0,1328.0,6668.0
4647,145.0,1328.0,6668.0
4648,144.0,1320.0,6628.0
4649,144.0,1320.0,6628.0
4650,144.0,1320.0,6628.0
4651,144.0,1320.0,6628.0
4652,144.0,1320.0,6628.0
4653,144.0,1320.0,6628.0
4654,144.0,1320.0,6628.0
4655,144.0,1320.0,6628.0
4656,144.0,1320.0,6628.0
4657,145.0,1328.0,6668.0
4658,145.0,1328.0,6668.0
4659,145.0,1328.0,6668.0
4660,144.0,1320.0,6628.0
4661,144.0,1320.0,6628.0
4662,144.0,1320.0,6628.0
4663,145.0,1328.0,6668.0
4664,144.0,1320.0,6628.0
4665,144.0,1320.0,6628.0
4666,144.0,1320.0,6628.0
4667,144.0,1320.0,6628.0
4668,144.0,1320.0,6628.0
4669,144.0,1320.0,6628.0
4670,144.0,1320.0,6628.0
4671,144.0,1320.0,6628.0
4672,144.0,1320.0,6628.0
4673,144.0,1320.0,6628.0
4674,144.0,1320.0,6628.0
4675,144.0,1320.0,6628.0
4676,144.0,1320.0,6628.0
4677,144.0,1320.0,6628.0
4678,144.0,1320.0,6628.0
4679,144.0,1320.0,6628.0
4680,145.0,1328.0,6668.0
4681,145.0,1328.0,6668.0
4682,146.0,1336.0,6708.0
4683,146.0,1336.0,6708.0
4684,144.0,1320.0,6628.0
4685,144.0,1320.0,6628.0
4686,144.0,1320.0,6628.0
4687,144.0,1320.0,6628.0
4688,144.0,1320.0,6628.0
4689,144.0,1320.0,6628.0
4690,144.0,1320.0,6628.0
4691,144.0,1320.0,6628.0
4692,144.0,1320.0,6628.0
4693,144.0,1320.0,6628.0
4694,145.0,1328.0,6668.0
4695,144.0,1320.0,6628.0
4696,144.0,1320.0,6628.0
4697,144.0,1320.0,6628.0
4698,144.0,1320.0,6628.0
4699,144.0,1320.0,6628.0
4700,144.0,1320.0,6628.0
4701,144.0,1320.0,6628.0
4702,144.0,1320.0,6628.0
4703,144.0,1320.0,6628.0
4704,145.0,1328.0,6668.0
4705,145.0,1328.0,6668.0
4706,145.0,1328.0,6668.0
4707,146.0,1336.0,6708.0
4708,144.0,1320.0,6628.0
4709,144.0,1320.0,6628.0
4710,144.0,1320.0,6628.0
4711,144.0,1320.0,6628.0
4712,144.0,1320.0,6628.0
4713,144.0,1320.0,6628.0
4714,145.0,1328.0,6668.0
4715,145.0,1328.0,6668.0
4716,146.0,1340.0,6788.0
4717,149.0,1372.0,7068.0
4718,148.0,1360.0,6948.0
4719,147.0,1352.0,6908.0
4720,145.0,1324.0,6708.0
4721,144.0,1312.0,6588.0
4722,142.0,1296.0,6508.0
4723,142.0,1296.0,6508.0
4724,144.0,1316.0,6644.0
4725,144.0,1316.0,6644.0
4726,143.0,1304.0,6524.0
4727,142.0,1292.0,6404.0
4728,142.0,1292.0,6404.0
4729,143.0,1300.0,6444.0
4730,143.0,1300.0,6444.0
4731,144.0,1308.0,6484.0
4732,142.0,1292.0,6404.0
4733,142.0,1292.0,6404.0
4734,142.0,1292.0,6404.0
4735,142.0,1292.0,6404.0
4736,143.0,1300.0,6444.0
4737,143.0,1300.0,6444.0
4738,142.0,1292.0,6404.0
4739,144.0,1308.0,6484.0
4740,144.0,1308.0,6484.0
4741,144.0,1308.0,6460.0
4742,144.0,1308.0,6460.0
4743,146.0,1324.0,6516.0
4744,145.0,1316.0,6524.0
4745,146.0,1324.0,6540.0
4746,146.0,1324.0,6540.0
4747,146.0,1324.0,6564.0
4748,147.0,1332.0,6604.0
4749,146.0,1324.0,6588.0
4750,145.0,1316.0,6548.0
4751,146.0,1324.0,6588.0
4752,145.0,1316.0,6548.0
4753,147.0,1332.0,6628.0
4754,148.0,1340.0,6668.0
4755,148.0,1340.0,6668.0
4756,146.0,1324.0,6588.0
4757,147.0,1332.0,6628.0
4758,147.0,1332.0,6628.0
4759,146.0,1324.0,6588.0
4760,147.0,1332.0,6628.0
4761,147.0,1332.0,6628.0
4762,147.0,1332.0,6628.0
4763,147.0,1332.0,6628.0
4764,147.0,1332.0,6628.0
4765,147.0,1332.0,6628.0
4766,149.0,1348.0,6684.0
4767,146.0,1324.0,6588.0
4768,147.0,1332.0,6628.0
4769,181.0,1604.0,7988.0
4770,181.0,1604.0,7988.0
4771,181.0,1604.0,7988.0
4772,182.0,1612.0,8028.0
4773,184.0,1616.0,8132.0
4774,182.0,1600.0,8004.0
4775,177.0,1560.0,7804.0
4776,140.0,1264.0,6340.0
4777,141.0,1272.0,6380.0
4778,141.0,1272.0,6380.0
4779,141.0,1272.0,6380.0
4780,141.0,1272.0,6380.0
4781,140.0,1264.0,6316.0
4782,139.0,1256.0,6300.0
4783,143.0,1288.0,6460.0
4784,143.0,1288.0,6460.0
4785,137.0,1240.0,6252.0
4786,136.0,1232.0,6212.0
4787,137.0,1240.0,6252.0
4788,137.0,1240.0,6252.0
4789,141.0,1272.0,6412.0
4790,141.0,1272.0,6412.0
4791,137.0,1240.0,6252.0
4792,137.0,1240.0,6252.0
4793,137.0,1240.0,6252.0
4794,136.0,1232.0,6212.0
4795,137.0,1240.0,6252.0
4796,137.0,1240.0,6252.0
4797,138.0,1248.0,6292.0
4798,135.0,1224.0,6172.0
4799,136.0,1232.0,6212.0
4800,136.0,1232.0,6212.0
4801,132.0,1200.0,6052.0
4802,132.0,1200.0,6052.0
4803,132.0,1200.0,6052.0
4804,135.0,1224.0,6172.0
4805,137.0,1240.0,6252.0
4806,137.0,1240.0,6252.0
4807,136.0,1232.0,6212.0
4808,135.0,1224.0,6172.0
4809,135.0,1224.0,6172.0
4810,135.0,1224.0,6172.0
4811,135.0,1224.0,6172.0
4812,135.0,1224.0,6172.0
4813,135.0,1224.0,6172.0
4814,136.0,1232.0,6212.0
4815,136.0,1232.0,6212.0
4816,136.0,1232.0,6212.0
4817,139.0,1260.0,6412.0
4818,138.0,1252.0,6372.0
4819,136.0,1236.0,6292.0
4820,136.0,1236.0,6292.0
4821,135.0,1224.0,6172.0
4822,134.0,1216.0,6132.0
4823,135.0,1224.0,6172.0
4824,136.0,1232.0,6212.0
4825,142.0,1280.0,6452.0
4826,142.0,1280.0,6452.0
4827,146.0,1312.0,6612.0
4828,147.0,1320.0,6652.0
4829,142.0,1280.0,6452.0
4830,141.0,1272.0,6412.0
4831,144.0,1296.0,6532.0
4832,142.0,1280.0,6452.0
4833,139.0,1256.0,6332.0
4834,139.0,1256.0,6332.0
4835,146.0,1316.0,6684.0
4836,149.0,1340.0,6804.0
4837,147.0,1320.0,6644.0
4838,147.0,1320.0,6644.0
4839,146.0,1312.0,6604.0
4840,146.0,1312.0,6604.0
4841,146.0,1312.0,6604.0
4842,147.0,1320.0,6644.0
4843,147.0,1320.0,6644.0
4844,147.0,1320.0,6644.0
4845,146.0,1312.0,6604.0
4846,146.0,1312.0,6604.0
4847,146.0,1312.0,6604.0
4848,144.0,1296.0,6524.0
4849,145.0,1304.0,6564.0
4850,147.0,1320.0,6654.0
4851,146.0,1312.0,6614.0
4852,147.0,1320.0,6654.0
4853,148.0,1328.0,6694.0
4854,147.0,1320.0,6654.0
4855,146.0,1312.0,6614.0
4856,148.0,1328.0,6694.0
4857,146.0,1312.0,6614.0
4858,146.0,1312.0,6614.0
4859,147.0,1320.0,6654.0
4860,146.0,1312.0,6614.0
4861,146.0,1312.0,6614.0
4862,147.0,1320.0,6654.0
4863,150.0,1344.0,6774.0
4864,150.0,1344.0,6774.0
4865,151.0,1352.0,6814.0
4866,150.0,1344.0,6774.0
4867,150.0,1344.0,6774.0
4868,150.0,1344.0,6774.0
4869,149.0,1336.0,6734.0
4870,150.0,1344.0,6774.0
4871,150.0,1344.0,6774.0
4872,150.0,1344.0,6774.0
4873,150.0,1344.0,6774.0
4874,149.0,1336.0,6734.0
4875,149.0,1336.0,6734.0
4876,149.0,1336.0,6734.0
4877,149.0,1336.0,6734.0
4878,149.0,1336.0,6734.0
4879,150.0,1344.0,6774.0
4880,151.0,1352.0,6814.0
4881,151.0,1352.0,6814.0
4882,150.0,1344.0,6774.0
4883,150.0,1344.0,6774.0
4884,149.0,1336.0,6734.0
4885,149.0,1336.0,6734.0
4886,151.0,1352.0,6814.0
4887,152.0,1360.0,6854.0
4888,152.0,1360.0,6854.0
4889,150.0,1344.0,6774.0
4890,148.0,1328.0,6694.0
4891,148.0,1328.0,6694.0
4892,148.0,1328.0,6694.0
4893,146.0,1312.0,6614.0
4894,145.0,1304.0,6574.0
4895,146.0,1312.0,6614.0
4896,145.0,1304.0,6574.0
4897,146.0,1312.0,6614.0
4898,152.0,1360.0,6854.0
4899,151.0,1352.0,6814.0
4900,152.0,1360.0,6854.0
4901,151.0,1352.0,6814.0
4902,151.0,1352.0,6814.0
4903,151.0,1352.0,6814.0
4904,150.0,1344.0,6774.0
4905,150.0,1344.0,6774.0
4906,151.0,1352.0,6814.0
4907,152.0,1360.0,6854.0
4908,151.0,1352.0,6814.0
4909,152.0,1360.0,6854.0
4910,153.0,1368.0,6894.0
4911,156.0,1400.0,7054.0
4912,156.0,1400.0,7054.0
4913,154.0,1376.0,6934.0
4914,153.0,1368.0,6894.0
4915,155.0,1384.0,6974.0
4916,156.0,1392.0,7014.0
4917,155.0,1384.0,6974.0
4918,156.0,1392.0,7014.0
4919,156.0,1392.0,7014.0
4920,156.0,1392.0,7014.0
4921,157.0,1400.0,7054.0
4922,157.0,1400.0,7054.0
4923,157.0,1400.0,7054.0
4924,156.0,1392.0,7014.0
4925,158.0,1408.0,7094.0
4926,158.0,1408.0,7094.0
4927,158.0,1408.0,7094.0
4928,156.0,1392.0,7014.0
4929,157.0,1400.0,7054.0
4930,156.0,1392.0,7014.0
4931,155.0,1384.0,6974.0
4932,156.0,1392.0,7014.0
4933,156.0,1392.0,7014.0
4934,157.0,1400.0,7054.0
4935,158.0,1408.0,7094.0
4936,158.0,1408.0,7094.0
4937,158.0,1408.0,7094.0
4938,156.0,1392.0,7014.0
4939,156.0,1392.0,7014.0
4940,155.0,1384.0,6974.0
4941,155.0,1384.0,6974.0
4942,155.0,1384.0,6974.0
4943,156.0,1392.0,7014.0
4944,158.0,1408.0,7094.0
4945,157.0,1400.0,7054.0
4946,159.0,1416.0,7134.0
4947,156.0,1392.0,7014.0
4948,156.0,1392.0,7014.0
4949,156.0,1392.0,7014.0
4950,157.0,1400.0,7054.0
4951,155.0,1384.0,6974.0
4952,154.0,1376.0,6934.0
4953,155.0,1384.0,6974.0
4954,156.0,1392.0,7014.0
4955,155.0,1384.0,6974.0
4956,156.0,1392.0,7014.0
4957,155.0,1384.0,6974.0
4958,156.0,1392.0,7014.0
4959,157.0,1400.0,7054.0
4960,156.0,1392.0,7014.0
4961,157.0,1400.0,7054.0
4962,158.0,1408.0,7094.0
4963,160.0,1424.0,7174.0
4964,159.0,1416.0,7134.0
4965,159.0,1416.0,7134.0
4966,159.0,1416.0,7134.0
4967,158.0,1408.0,7094.0
4968,160.0,1424.0,7174.0
4969,159.0,1416.0,7134.0
4970,159.0,1416.0,7134.0
4971,159.0,1416.0,7134.0
4972,157.0,1400.0,7054.0
4973,158.0,1408.0,7094.0
4974,158.0,1408.0,7094.0
4975,159.0,1416.0,7134.0
4976,160.0,1424.0,7174.0
4977,159.0,1416.0,7134.0
4978,162.0,1440.0,7254.0
4979,169.0,1496.0,7470.0
4980,165.0,1464.0,7334.0
4981,160.0,1424.0,7174.0
4982,160.0,1424.0,7174.0
4983,159.0,1416.0,7134.0
4984,161.0,1432.0,7214.0
4985,171.0,1520.0,7758.0
4986,172.0,1528.0,7798.0
4987,173.0,1536.0,7838.0
4988,171.0,1520.0,7758.0
4989,169.0,1504.0,7678.0
4990,170.0,1512.0,7718.0
4991,171.0,1520.0,7758.0
4992,172.0,1532.0,7878.0
4993,170.0,1516.0,7798.0
4994,170.0,1516.0,7798.0
4995,174.0,1552.0,7918.0
4996,175.0,1560.0,7958.0
4997,172.0,1528.0,7798.0
4998,171.0,1520.0,7758.0
4999,172.0,1528.0,7798.0
5000,173.0,1536.0,7838.0
5001,173.0,1536.0,7838.0
5002,174.0,1544.0,7878.0
5003,175.0,1552.0,7918.0
5004,173.0,1536.0,7828.0
5005,176.0,1560.0,7998.0
5006,168.0,1496.0,7618.0
5007,166.0,1480.0,7538.0
5008,171.0,1520.0,7730.0
5009,170.0,1512.0,7690.0
5010,166.0,1480.0,7538.0
5011,165.0,1472.0,7498.0
5012,166.0,1484.0,7618.0
5013,204.0,1788.0,9138.0
5014,209.0,1828.0,9338.0
5015,210.0,1836.0,9378.0
5016,216.0,1884.0,9618.0
5017,177.0,1564.0,7898.0
5018,178.0,1572.0,7938.0
5019,179.0,1580.0,7978.0
5020,178.0,1572.0,7938.0
5021,173.0,1532.0,7762.0
5022,171.0,1516.0,7682.0
5023,168.0,1488.0,7482.0
5024,165.0,1464.0,7362.0
5025,167.0,1480.0,7442.0
5026,165.0,1464.0,7362.0
5027,165.0,1464.0,7362.0
5028,165.0,1464.0,7362.0
5029,165.0,1464.0,7362.0
5030,166.0,1472.0,7402.0
5031,165.0,1464.0,7362.0
5032,165.0,1464.0,7362.0
5033,165.0,1464.0,7362.0
5034,165.0,1464.0,7362.0
5035,165.0,1464.0,7362.0
5036,166.0,1472.0,7402.0
5037,161.0,1432.0,7202.0
5038,161.0,1432.0,7202.0
5039,161.0,1432.0,7202.0
5040,161.0,1432.0,7202.0
5041,161.0,1432.0,7202.0
5042,161.0,1432.0,7202.0
5043,161.0,1432.0,7202.0
5044,161.0,1432.0,7202.0
5045,162.0,1440.0,7242.0
5046,161.0,1432.0,7202.0
5047,161.0,1432.0,7202.0
5048,161.0,1432.0,7202.0
5049,161.0,1432.0,7202.0
5050,161.0,1432.0,7202.0
5051,163.0,1456.0,7322.0
5052,161.0,1432.0,7202.0
5053,161.0,1432.0,7202.0
5054,161.0,1432.0,7202.0
5055,161.0,1432.0,7202.0
5056,161.0,1432.0,7202.0
5057,161.0,1432.0,7202.0
5058,161.0,1432.0,7202.0
5059,161.0,1432.0,7202.0
5060,161.0,1432.0,7202.0
5061,161.0,1432.0,7202.0
5062,163.0,1448.0,7282.0
5063,170.0,1512.0,7722.0
5064,170.0,1512.0,7722.0
5065,165.0,1472.0,7522.0
5066,165.0,1472.0,7522.0
5067,165.0,1472.0,7522.0
5068,167.0,1492.0,7682.0
5069,164.0,1468.0,7562.0
5070,162.0,1448.0,7402.0
5071,161.0,1436.0,7282.0
5072,161.0,1436.0,7282.0
5073,162.0,1448.0,7322.0
5074,161.0,1436.0,7282.0
5075,160.0,1428.0,7242.0
5076,158.0,1408.0,7082.0
5077,158.0,1408.0,7082.0
5078,159.0,1416.0,7122.0
5079,159.0,1416.0,7122.0
5080,158.0,1408.0,7082.0
5081,158.0,1408.0,7082.0
5082,158.0,1408.0,7082.0
5083,158.0,1408.0,7082.0
5084,156.0,1392.0,7002.0
5085,156.0,1392.0,7002.0
5086,157.0,1400.0,7042.0
5087,154.0,1376.0,6922.0
5088,152.0,1360.0,6850.0
5089,151.0,1352.0,6810.0
5090,151.0,1352.0,6810.0
5091,151.0,1352.0,6810.0
5092,150.0,1344.0,6770.0
5093,150.0,1344.0,6770.0
5094,149.0,1336.0,6730.0
5095,154.0,1384.0,7090.0
5096,154.0,1384.0,7090.0
5097,142.0,1288.0,6642.0
5098,135.0,1232.0,6362.0
5099,136.0,1232.0,6234.0
5100,136.0,1232.0,6234.0
5101,134.0,1220.0,6242.0
5102,133.0,1212.0,6202.0
5103,132.0,1200.0,6082.0
5104,132.0,1200.0,6082.0
5105,132.0,1200.0,6082.0
5106,133.0,1212.0,6202.0
5107,133.0,1212.0,6202.0
5108,132.0,1200.0,6082.0
5109,137.0,1248.0,6322.0
5110,134.0,1216.0,6162.0
5111,146.0,1308.0,6674.0
5112,143.0,1284.0,6554.0
5113,129.0,1168.0,5922.0
5114,129.0,1168.0,5922.0
5115,129.0,1168.0,5922.0
5116,129.0,1168.0,5922.0
5117,129.0,1168.0,5922.0
5118,129.0,1168.0,5922.0
5119,129.0,1168.0,5922.0
5120,129.0,1168.0,5922.0
5121,129.0,1168.0,5922.0
5122,133.0,1204.0,6162.0
5123,133.0,1204.0,6162.0
5124,128.0,1164.0,5962.0
5125,128.0,1164.0,5962.0
5126,128.0,1164.0,5962.0
5127,132.0,1196.0,6122.0
5128,131.0,1184.0,6002.0
5129,129.0,1168.0,5922.0
5130,127.0,1152.0,5842.0
5131,127.0,1152.0,5842.0
5132,127.0,1152.0,5842.0
5133,127.0,1152.0,5842.0
5134,127.0,1152.0,5842.0
5135,127.0,1152.0,5842.0
5136,127.0,1152.0,5842.0
5137,127.0,1152.0,5842.0
5138,127.0,1152.0,5842.0
5139,127.0,1152.0,5842.0
5140,127.0,1152.0,5842.0
5141,127.0,1152.0,5842.0
5142,127.0,1152.0,5842.0
5143,127.0,1152.0,5842.0
5144,128.0,1160.0,5882.0
5145,128.0,1160.0,5882.0
5146,128.0,1160.0,5882.0
5147,128.0,1160.0,5882.0
5148,128.0,1160.0,5882.0
5149,128.0,1160.0,5882.0
5150,128.0,1160.0,5882.0
5151,128.0,1160.0,5882.0
5152,128.0,1160.0,5882.0
5153,128.0,1160.0,5882.0
5154,128.0,1160.0,5882.0
5155,128.0,1160.0,5882.0
5156,128.0,1160.0,5882.0
5157,129.0,1168.0,5932.0
5158,129.0,1168.0,5932.0
5159,129.0,1168.0,5932.0
5160,129.0,1168.0,5932.0
5161,129.0,1168.0,5932.0
5162,129.0,1168.0,5932.0
5163,129.0,1168.0,5932.0
5164,133.0,1200.0,6092.0
5165,133.0,1200.0,6092.0
5166,132.0,1192.0,6042.0
5167,132.0,1192.0,6042.0
5168,132.0,1192.0,6042.0
5169,131.0,1184.0,6002.0
5170,132.0,1192.0,6042.0
5171,132.0,1192.0,6042.0
5172,132.0,1192.0,6042.0
5173,132.0,1192.0,6042.0
5174,132.0,1192.0,6042.0
5175,132.0,1192.0,6042.0
5176,132.0,1192.0,6042.0
5177,132.0,1192.0,6042.0
5178,131.0,1184.0,6002.0
5179,131.0,1184.0,6002.0
5180,131.0,1184.0,6002.0
5181,131.0,1184.0,6002.0
5182,133.0,1200.0,6082.0
5183,135.0,1216.0,6162.0
5184,133.0,1200.0,6082.0
5185,128.0,1160.0,5882.0
5186,129.0,1168.0,5922.0
5187,128.0,1160.0,5882.0
5188,128.0,1160.0,5882.0
5189,128.0,1160.0,5882.0
5190,128.0,1160.0,5882.0
5191,128.0,1160.0,5882.0
5192,128.0,1160.0,5882.0
5193,129.0,1168.0,5922.0
5194,128.0,1160.0,5882.0
5195,128.0,1160.0,5882.0
5196,128.0,1160.0,5882.0
5197,128.0,1160.0,5882.0
5198,128.0,1160.0,5882.0
5199,128.0,1160.0,5882.0
5200,128.0,1160.0,5882.0
5201,128.0,1160.0,5882.0
5202,127.0,1152.0,5842.0
5203,127.0,1152.0,5842.0
5204,127.0,1152.0,5842.0
5205,127.0,1152.0,5842.0
5206,127.0,1152.0,5842.0
5207,127.0,1152.0,5842.0
5208,127.0,1152.0,5842.0
5209,127.0,1152.0,5842.0
5210,127.0,1152.0,5842.0
5211,127.0,1152.0,5842.0
5212,127.0,1152.0,5842.0
5213,127.0,1152.0,5842.0
5214,127.0,1152.0,5842.0
5215,127.0,1152.0,5842.0
5216,127.0,1152.0,5842.0
5217,127.0,1152.0,5842.0
5218,128.0,1160.0,5882.0
5219,128.0,1168.0,5922.0
5220,128.0,1168.0,5922.0
5221,128.0,1168.0,5922.0
5222,128.0,1168.0,5922.0
5223,128.0,1168.0,5922.0
5224,128.0,1168.0,5922.0
5225,128.0,1168.0,5922.0
5226,128.0,1168.0,5922.0
5227,128.0,1168.0,5922.0
5228,128.0,1168.0,5922.0
5229,128.0,1168.0,5922.0
5230,128.0,1168.0,5922.0
5231,128.0,1168.0,5922.0
5232,128.0,1168.0,5922.0
5233,131.0,1208.0,6122.0
5234,130.0,1192.0,6042.0
5235,129.0,1176.0,5962.0
5236,129.0,1176.0,5962.0
5237,129.0,1176.0,5962.0
5238,130.0,1184.0,6002.0
5239,129.0,1176.0,5962.0
5240,128.0,1168.0,5922.0
5241,128.0,1168.0,5922.0
5242,128.0,1168.0,5922.0
5243,128.0,1168.0,5922.0
5244,128.0,1168.0,5922.0
5245,128.0,1168.0,5922.0
5246,128.0,1168.0,5922.0
5247,128.0,1168.0,5922.0
5248,128.0,1168.0,5922.0
5249,128.0,1168.0,5922.0
5250,128.0,1168.0,5922.0
5251,129.0,1184.0,6002.0
5252,129.0,1184.0,6002.0
5253,128.0,1168.0,5922.0
5254,128.0,1168.0,5922.0
5255,127.0,1160.0,5882.0
5256,127.0,1160.0,5882.0
5257,127.0,1160.0,5882.0
5258,127.0,1160.0,5882.0
5259,127.0,1160.0,5882.0
5260,128.0,1168.0,5922.0
5261,127.0,1160.0,5882.0
5262,128.0,1168.0,5922.0
5263,128.0,1168.0,5922.0
5264,128.0,1168.0,5922.0
5265,128.0,1168.0,5922.0
5266,128.0,1168.0,5922.0
5267,129.0,1176.0,5962.0
5268,128.0,1168.0,5922.0
5269,131.0,1208.0,6122.0
5270,131.0,1208.0,6122.0
5271,129.0,1184.0,6002.0
5272,128.0,1168.0,5922.0
5273,128.0,1168.0,5922.0
5274,128.0,1168.0,5922.0
5275,128.0,1168.0,5922.0
5276,128.0,1168.0,5922.0
5277,128.0,1168.0,5922.0
5278,128.0,1168.0,5922.0
5279,128.0,1168.0,5922.0
5280,128.0,1168.0,5922.0
5281,128.0,1168.0,5922.0
5282,132.0,1200.0,6050.0
5283,132.0,1200.0,6050.0
5284,132.0,1200.0,6050.0
5285,132.0,1200.0,6050.0
5286,133.0,1208.0,6090.0
5287,132.0,1200.0,6050.0
5288,132.0,1200.0,6050.0
5289,132.0,1200.0,6050.0
5290,133.0,1208.0,6090.0
5291,133.0,1208.0,6090.0
5292,133.0,1208.0,6090.0
5293,135.0,1224.0,6162.0
5294,135.0,1224.0,6162.0
5295,132.0,1200.0,6058.0
5296,133.0,1208.0,6098.0
5297,132.0,1200.0,6058.0
5298,132.0,1200.0,6058.0
5299,131.0,1192.0,6018.0
5300,131.0,1192.0,6018.0
5301,132.0,1204.0,6058.0
5302,132.0,1204.0,6058.0
5303,132.0,1204.0,6058.0
5304,141.0,1276.0,6402.0
5305,141.0,1276.0,6402.0
5306,135.0,1228.0,6178.0
5307,136.0,1236.0,6228.0
5308,136.0,1236.0,6228.0
5309,139.0,1260.0,6348.0
5310,137.0,1244.0,6258.0
5311,138.0,1252.0,6298.0
5312,138.0,1252.0,6298.0
5313,138.0,1252.0,6298.0
5314,138.0,1252.0,6298.0
5315,137.0,1244.0,6258.0
5316,135.0,1228.0,6178.0
5317,135.0,1228.0,6178.0
5318,136.0,1236.0,6228.0
5319,136.0,1236.0,6228.0
5320,136.0,1236.0,6228.0
5321,136.0,1236.0,6228.0
5322,136.0,1236.0,6228.0
5323,136.0,1236.0,6228.0
5324,136.0,1236.0,6228.0
5325,136.0,1236.0,6228.0
5326,136.0,1236.0,6228.0
5327,136.0,1236.0,6228.0
5328,136.0,1236.0,6228.0
5329,136.0,1236.0,6228.0
5330,136.0,1236.0,6228.0
5331,136.0,1236.0,6228.0
5332,136.0,1236.0,6228.0
5333,136.0,1236.0,6228.0
5334,137.0,1244.0,6268.0
5335,138.0,1252.0,6308.0
5336,137.0,1244.0,6268.0
5337,137.0,1244.0,6268.0
5338,136.0,1236.0,6228.0
5339,136.0,1236.0,6228.0
5340,136.0,1236.0,6228.0
5341,136.0,1236.0,6228.0
5342,136.0,1236.0,6228.0
5343,137.0,1252.0,6308.0
5344,136.0,1236.0,6228.0
5345,136.0,1236.0,6228.0
5346,136.0,1236.0,6228.0
5347,136.0,1236.0,6228.0
5348,136.0,1236.0,6228.0
5349,138.0,1264.0,6548.0
5350,138.0,1264.0,6548.0
5351,138.0,1264.0,6548.0
5352,138.0,1264.0,6548.0
5353,138.0,1264.0,6548.0
5354,138.0,1264.0,6548.0
5355,143.0,1308.0,6820.0
5356,144.0,1316.0,6860.0
5357,140.0,1284.0,6708.0
5358,140.0,1284.0,6708.0
5359,141.0,1292.0,6748.0
5360,141.0,1288.0,6668.0
5361,144.0,1312.0,6788.0
5362,144.0,1312.0,6788.0
5363,140.0,1280.0,6628.0
5364,139.0,1272.0,6588.0
5365,139.0,1272.0,6588.0
5366,140.0,1284.0,6708.0
5367,139.0,1276.0,6676.0
5368,138.0,1264.0,6556.0
5369,138.0,1264.0,6556.0
5370,138.0,1264.0,6556.0
5371,139.0,1276.0,6676.0
5372,139.0,1276.0,6676.0
5373,139.0,1276.0,6676.0
5374,138.0,1264.0,6556.0
5375,138.0,1264.0,6556.0
5376,143.0,1304.0,6756.0
5377,141.0,1288.0,6676.0
5378,139.0,1272.0,6596.0
5379,139.0,1272.0,6596.0
5380,142.0,1312.0,6796.0
5381,140.0,1288.0,6676.0
5382,139.0,1280.0,6636.0
5383,141.0,1296.0,6716.0
5384,141.0,1296.0,6716.0
5385,140.0,1288.0,6676.0
5386,140.0,1288.0,6676.0
5387,139.0,1280.0,6636.0
5388,139.0,1280.0,6636.0
5389,139.0,1280.0,6636.0
5390,139.0,1280.0,6636.0
5391,139.0,1280.0,6636.0
5392,139.0,1280.0,6636.0
5393,139.0,1280.0,6636.0
5394,139.0,1280.0,6636.0
5395,139.0,1280.0,6636.0
5396,139.0,1280.0,6636.0
5397,139.0,1280.0,6636.0
5398,139.0,1280.0,6636.0
5399,139.0,1280.0,6636.0
5400,140.0,1296.0,6716.0
5401,140.0,1296.0,6716.0
5402,142.0,1304.0,6756.0
5403,147.0,1348.0,7036.0
5404,146.0,1340.0,6996.0
5405,144.0,1324.0,6916.0
5406,144.0,1324.0,6916.0
5407,143.0,1312.0,6796.0
5408,144.0,1324.0,6916.0
5409,144.0,1324.0,6916.0
5410,144.0,1324.0,6916.0
5411,143.0,1312.0,6796.0
5412,143.0,1312.0,6796.0
5413,143.0,1312.0,6796.0
5414,151.0,1376.0,7110.0
5415,152.0,1388.0,7150.0
5416,145.0,1328.0,6886.0
5417,144.0,1320.0,6846.0
5418,144.0,1320.0,6846.0
5419,144.0,1320.0,6846.0
5420,144.0,1320.0,6846.0
5421,142.0,1296.0,6726.0
5422,142.0,1296.0,6726.0
5423,142.0,1296.0,6726.0
5424,142.0,1296.0,6726.0
5425,142.0,1296.0,6716.0
5426,143.0,1304.0,6766.0
5427,142.0,1296.0,6726.0
5428,142.0,1296.0,6726.0
5429,142.0,1296.0,6726.0
5430,142.0,1296.0,6726.0
5431,142.0,1296.0,6726.0
5432,142.0,1296.0,6726.0
5433,142.0,1296.0,6726.0
5434,142.0,1296.0,6726.0
5435,142.0,1296.0,6726.0
5436,142.0,1296.0,6726.0
5437,142.0,1296.0,6726.0
5438,142.0,1296.0,6726.0
5439,142.0,1296.0,6726.0
5440,142.0,1296.0,6726.0
5441,142.0,1296.0,6726.0
5442,142.0,1296.0,6726.0
5443,142.0,1296.0,6726.0
5444,142.0,1296.0,6726.0
5445,142.0,1296.0,6726.0
5446,142.0,1296.0,6726.0
5447,142.0,1296.0,6726.0
5448,141.0,1288.0,6676.0
5449,142.0,1296.0,6726.0
5450,142.0,1296.0,6726.0
5451,143.0,1304.0,6766.0
5452,140.0,1280.0,6626.0
5453,140.0,1280.0,6626.0
5454,140.0,1280.0,6626.0
5455,140.0,1280.0,6626.0
5456,140.0,1280.0,6626.0
5457,140.0,1280.0,6626.0
5458,141.0,1288.0,6666.0
5459,141.0,1288.0,6666.0
5460,141.0,1288.0,6666.0
5461,141.0,1288.0,6666.0
5462,141.0,1288.0,6666.0
5463,140.0,1280.0,6626.0
5464,140.0,1280.0,6626.0
5465,140.0,1280.0,6626.0
5466,140.0,1280.0,6626.0
5467,140.0,1280.0,6626.0
5468,140.0,1280.0,6626.0
5469,140.0,1280.0,6626.0
5470,141.0,1288.0,6666.0
5471,141.0,1288.0,6666.0
5472,141.0,1288.0,6666.0
5473,140.0,1280.0,6626.0
5474,141.0,1288.0,6666.0
5475,140.0,1280.0,6626.0
5476,140.0,1280.0,6626.0
5477,140.0,1280.0,6626.0
5478,140.0,1280.0,6626.0
5479,140.0,1280.0,6626.0
5480,140.0,1280.0,6626.0
5481,140.0,1280.0,6626.0
5482,140.0,1280.0,6626.0
5483,140.0,1280.0,6626.0
5484,140.0,1280.0,6626.0
5485,140.0,1280.0,6626.0
5486,140.0,1280.0,6626.0
5487,140.0,1280.0,6626.0
5488,141.0,1288.0,6666.0
5489,140.0,1280.0,6626.0
5490,140.0,1280.0,6626.0
5491,140.0,1280.0,6626.0
5492,140.0,1280.0,6626.0
5493,140.0,1280.0,6626.0
5494,140.0,1280.0,6626.0
5495,140.0,1280.0,6626.0
5496,140.0,1280.0,6626.0
5497,140.0,1280.0,6626.0
5498,140.0,1280.0,6626.0
5499,140.0,1280.0,6626.0
5500,140.0,1280.0,6626.0
5501,140.0,1280.0,6626.0
5502,141.0,1288.0,6666.0
5503,140.0,1280.0,6626.0
5504,140.0,1280.0,6626.0
5505,140.0,1280.0,6626.0
5506,140.0,1280.0,6626.0
5507,140.0,1280.0,6626.0
5508,140.0,1280.0,6626.0
5509,140.0,1280.0,6626.0
5510,140.0,1280.0,6626.0
5511,140.0,1280.0,6626.0
5512,140.0,1280.0,6626.0
5513,140.0,1280.0,6626.0
5514,140.0,1280.0,6626.0
5515,140.0,1280.0,6626.0
5516,140.0,1280.0,6626.0
5517,140.0,1280.0,6626.0
5518,140.0,1280.0,6626.0
5519,140.0,1280.0,6626.0
5520,140.0,1280.0,6626.0
5521,141.0,1288.0,6666.0
5522,140.0,1280.0,6626.0
5523,141.0,1288.0,6666.0
5524,141.0,1288.0,6666.0
5525,141.0,1288.0,6666.0
5526,141.0,1288.0,6666.0
5527,141.0,1288.0,6666.0
5528,141.0,1288.0,6666.0
5529,142.0,1296.0,6706.0
5530,141.0,1288.0,6666.0
5531,141.0,1288.0,6666.0
5532,141.0,1288.0,6666.0
5533,141.0,1288.0,6666.0
5534,141.0,1288.0,6666.0
5535,141.0,1288.0,6666.0
5536,141.0,1288.0,6666.0
5537,141.0,1288.0,6666.0
5538,141.0,1288.0,6666.0
5539,141.0,1288.0,6666.0
5540,141.0,1288.0,6666.0
5541,144.0,1328.0,6866.0
5542,144.0,1328.0,6866.0
5543,142.0,1296.0,6706.0
5544,141.0,1288.0,6666.0
5545,141.0,1288.0,6666.0
5546,141.0,1288.0,6666.0
5547,142.0,1296.0,6706.0
5548,142.0,1296.0,6706.0
5549,143.0,1304.0,6746.0
5550,142.0,1296.0,6706.0
5551,141.0,1288.0,6666.0
5552,141.0,1288.0,6666.0
5553,141.0,1288.0,6666.0
5554,141.0,1288.0,6666.0
5555,141.0,1288.0,6666.0
5556,141.0,1288.0,6666.0
5557,141.0,1288.0,6666.0
5558,141.0,1288.0,6666.0
5559,141.0,1288.0,6666.0
5560,142.0,1296.0,6706.0
5561,141.0,1280.0,6626.0
5562,139.0,1264.0,6546.0
5563,138.0,1256.0,6506.0
5564,138.0,1256.0,6506.0
5565,138.0,1256.0,6506.0
5566,138.0,1256.0,6506.0
5567,138.0,1256.0,6506.0
5568,138.0,1256.0,6506.0
5569,139.0,1264.0,6546.0
5570,138.0,1256.0,6506.0
5571,138.0,1256.0,6506.0
5572,138.0,1256.0,6506.0
5573,138.0,1256.0,6506.0
5574,138.0,1256.0,6506.0
5575,138.0,1256.0,6506.0
5576,138.0,1256.0,6506.0
5577,146.0,1320.0,6826.0
5578,146.0,1320.0,6826.0
5579,146.0,1320.0,6826.0
5580,146.0,1320.0,6826.0
5581,146.0,1320.0,6826.0
5582,146.0,1320.0,6826.0
5583,146.0,1320.0,6826.0
5584,146.0,1320.0,6826.0
5585,154.0,1388.0,7226.0
5586,155.0,1396.0,7266.0
5587,148.0,1340.0,6986.0
5588,148.0,1340.0,6986.0
5589,147.0,1328.0,6866.0
5590,147.0,1328.0,6866.0
5591,147.0,1328.0,6866.0
5592,148.0,1336.0,6906.0
5593,164.0,1464.0,7418.0
5594,165.0,1472.0,7468.0
5595,164.0,1464.0,7428.0
5596,170.0,1512.0,7668.0
5597,172.0,1532.0,7828.0
5598,167.0,1492.0,7628.0
5599,164.0,1464.0,7428.0
5600,164.0,1464.0,7428.0
5601,164.0,1464.0,7428.0
5602,164.0,1464.0,7428.0
5603,164.0,1464.0,7418.0
5604,164.0,1464.0,7418.0
5605,163.0,1456.0,7378.0
5606,163.0,1456.0,7378.0
5607,163.0,1456.0,7378.0
5608,163.0,1456.0,7378.0
5609,163.0,1456.0,7378.0
5610,163.0,1456.0,7378.0
5611,163.0,1456.0,7378.0
5612,163.0,1456.0,7378.0
5613,163.0,1456.0,7378.0
5614,163.0,1456.0,7378.0
5615,167.0,1496.0,7578.0
5616,167.0,1496.0,7578.0
5617,163.0,1456.0,7378.0
5618,162.0,1448.0,7338.0
5619,162.0,1448.0,7338.0
5620,162.0,1448.0,7338.0
5621,162.0,1448.0,7338.0
5622,162.0,1448.0,7338.0
5623,162.0,1448.0,7338.0
5624,162.0,1448.0,7338.0
5625,162.0,1448.0,7338.0
5626,162.0,1448.0,7338.0
5627,162.0,1448.0,7338.0
5628,162.0,1448.0,7338.0
5629,162.0,1448.0,7338.0
5630,162.0,1448.0,7338.0
5631,162.0,1448.0,7338.0
5632,162.0,1448.0,7338.0
5633,164.0,1472.0,7458.0
5634,165.0,1484.0,7578.0
5635,163.0,1460.0,7458.0
5636,222.0,1932.0,9818.0
5637,221.0,1920.0,9698.0
5638,227.0,1968.0,9938.0
5639,227.0,1968.0,9938.0
5640,227.0,1968.0,9938.0
5641,175.0,1552.0,7858.0
5642,179.0,1584.0,8018.0
5643,173.0,1536.0,7778.0
5644,172.0,1524.0,7658.0
5645,171.0,1516.0,7618.0
5646,171.0,1516.0,7618.0
5647,171.0,1516.0,7618.0
5648,171.0,1516.0,7618.0
5649,171.0,1516.0,7618.0
5650,171.0,1516.0,7618.0
5651,171.0,1516.0,7618.0
5652,170.0,1512.0,7658.0
5653,171.0,1512.0,7658.0
5654,170.0,1500.0,7538.0
5655,170.0,1500.0,7538.0
5656,170.0,1500.0,7538.0
5657,170.0,1500.0,7538.0
5658,170.0,1500.0,7538.0
5659,170.0,1500.0,7538.0
5660,170.0,1500.0,7538.0
5661,170.0,1500.0,7538.0
5662,170.0,1500.0,7538.0
5663,168.0,1484.0,7458.0
5664,170.0,1500.0,7538.0
5665,170.0,1500.0,7538.0
5666,170.0,1500.0,7538.0
5667,170.0,1500.0,7538.0
5668,170.0,1500.0,7538.0
5669,170.0,1500.0,7538.0
5670,170.0,1500.0,7538.0
5671,171.0,1508.0,7578.0
5672,170.0,1500.0,7538.0
5673,170.0,1500.0,7538.0
5674,168.0,1484.0,7458.0
5675,171.0,1508.0,7578.0
5676,171.0,1508.0,7578.0
5677,171.0,1508.0,7578.0
5678,175.0,1544.0,7794.0
5679,175.0,1544.0,7794.0
5680,175.0,1544.0,7794.0
5681,174.0,1536.0,7754.0
5682,174.0,1536.0,7754.0
5683,174.0,1536.0,7754.0
5684,174.0,1536.0,7754.0
5685,172.0,1520.0,7674.0
5686,172.0,1520.0,7674.0
5687,172.0,1520.0,7674.0
5688,173.0,1528.0,7714.0
5689,175.0,1556.0,7834.0
5690,172.0,1520.0,7674.0
5691,172.0,1520.0,7674.0
5692,172.0,1520.0,7674.0
5693,172.0,1520.0,7674.0
5694,174.0,1536.0,7754.0
5695,172.0,1516.0,7674.0
5696,172.0,1516.0,7674.0
5697,172.0,1516.0,7674.0
5698,172.0,1516.0,7674.0
5699,172.0,1516.0,7674.0
5700,172.0,1516.0,7674.0
5701,172.0,1516.0,7674.0
5702,173.0,1524.0,7714.0
5703,173.0,1524.0,7714.0
5704,173.0,1524.0,7714.0
5705,173.0,1524.0,7714.0
5706,173.0,1524.0,7714.0
5707,177.0,1556.0,7874.0
5708,177.0,1556.0,7874.0
5709,177.0,1556.0,7874.0
5710,177.0,1556.0,7874.0
5711,177.0,1556.0,7874.0
5712,177.0,1556.0,7874.0
5713,177.0,1556.0,7874.0
5714,177.0,1556.0,7874.0
5715,178.0,1568.0,7994.0
5716,178.0,1568.0,7994.0
5717,178.0,1568.0,7994.0
5718,178.0,1568.0,7994.0
5719,177.0,1556.0,7874.0
5720,177.0,1556.0,7874.0
5721,177.0,1556.0,7874.0
5722,177.0,1556.0,7874.0
5723,177.0,1556.0,7874.0
5724,177.0,1556.0,7874.0
5725,177.0,1556.0,7874.0
5726,179.0,1572.0,7954.0
5727,179.0,1572.0,7954.0
5728,178.0,1564.0,7914.0
5729,176.0,1548.0,7834.0
5730,176.0,1548.0,7834.0
5731,176.0,1548.0,7834.0
5732,176.0,1548.0,7834.0
5733,176.0,1548.0,7834.0
5734,176.0,1548.0,7834.0
5735,176.0,1548.0,7834.0
5736,176.0,1548.0,7834.0
5737,176.0,1548.0,7834.0
5738,176.0,1548.0,7834.0
5739,176.0,1548.0,7834.0
5740,176.0,1548.0,7834.0
5741,177.0,1556.0,7874.0
5742,177.0,1556.0,7874.0
5743,176.0,1548.0,7834.0
5744,177.0,1556.0,7874.0
5745,177.0,1556.0,7874.0
5746,174.0,1524.0,7714.0
5747,174.0,1524.0,7714.0
5748,174.0,1524.0,7714.0
5749,174.0,1524.0,7714.0
5750,174.0,1524.0,7714.0
5751,174.0,1524.0,7714.0
5752,174.0,1524.0,7714.0
5753,174.0,1524.0,7714.0
5754,174.0,1524.0,7714.0
5755,174.0,1524.0,7714.0
5756,174.0,1524.0,7714.0
5757,174.0,1524.0,7714.0
5758,174.0,1524.0,7714.0
5759,174.0,1524.0,7714.0
5760,174.0,1524.0,7714.0
5761,174.0,1524.0,7714.0
5762,174.0,1524.0,7714.0
5763,175.0,1532.0,7754.0
5764,176.0,1540.0,7794.0
5765,175.0,1532.0,7754.0
5766,175.0,1532.0,7754.0
5767,175.0,1532.0,7754.0
5768,174.0,1524.0,7714.0
5769,174.0,1524.0,7714.0
5770,174.0,1524.0,7714.0
5771,174.0,1524.0,7714.0
5772,174.0,1524.0,7714.0
5773,174.0,1524.0,7714.0
5774,174.0,1524.0,7714.0
5775,174.0,1524.0,7714.0
5776,174.0,1524.0,7714.0
5777,174.0,1524.0,7714.0
5778,174.0,1524.0,7714.0
5779,174.0,1524.0,7714.0
5780,174.0,1524.0,7714.0
5781,174.0,1524.0,7714.0
5782,174.0,1524.0,7714.0
5783,174.0,1524.0,7714.0
5784,174.0,1524.0,7714.0
5785,172.0,1500.0,7594.0
5786,172.0,1500.0,7594.0
5787,172.0,1500.0,7594.0
5788,173.0,1508.0,7634.0
5789,172.0,1500.0,7594.0
5790,172.0,1500.0,7594.0
5791,172.0,1500.0,7594.0
5792,172.0,1500.0,7594.0
5793,172.0,1500.0,7594.0
5794,172.0,1500.0,7594.0
5795,172.0,1500.0,7594.0
5796,172.0,1500.0,7594.0
5797,172.0,1500.0,7594.0
5798,172.0,1500.0,7594.0
5799,172.0,1500.0,7594.0
5800,172.0,1500.0,7594.0
5801,173.0,1508.0,7634.0
5802,174.0,1524.0,7714.0
5803,173.0,1516.0,7674.0
5804,173.0,1516.0,7674.0
5805,173.0,1516.0,7674.0
5806,173.0,1516.0,7674.0
5807,173.0,1516.0,7674.0
5808,173.0,1516.0,7674.0
5809,173.0,1516.0,7674.0
5810,173.0,1516.0,7674.0
5811,174.0,1524.0,7714.0
5812,173.0,1516.0,7674.0
5813,173.0,1516.0,7674.0
5814,173.0,1516.0,7674.0
5815,173.0,1516.0,7674.0
5816,173.0,1516.0,7674.0
5817,173.0,1516.0,7674.0
5818,173.0,1516.0,7674.0
5819,173.0,1516.0,7674.0
5820,173.0,1516.0,7674.0
5821,173.0,1516.0,7674.0
5822,173.0,1516.0,7674.0
5823,173.0,1516.0,7674.0
5824,173.0,1516.0,7674.0
5825,173.0,1516.0,7674.0
5826,173.0,1516.0,7674.0
5827,173.0,1516.0,7674.0
5828,173.0,1516.0,7674.0
5829,173.0,1516.0,7674.0
5830,173.0,1516.0,7674.0
5831,173.0,1516.0,7674.0
5832,175.0,1532.0,7754.0
5833,176.0,1540.0,7794.0
5834,172.0,1508.0,7634.0
5835,172.0,1508.0,7634.0
5836,172.0,1508.0,7634.0
5837,172.0,1508.0,7634.0
5838,172.0,1508.0,7634.0
5839,172.0,1508.0,7634.0
5840,172.0,1508.0,7634.0
5841,172.0,1508.0,7634.0
5842,172.0,1508.0,7634.0
5843,172.0,1508.0,7634.0
5844,172.0,1508.0,7634.0
5845,177.0,1552.0,7890.0
5846,175.0,1536.0,7834.0
5847,175.0,1536.0,7834.0
5848,175.0,1536.0,7834.0
5849,175.0,1536.0,7834.0
5850,174.0,1524.0,7714.0
5851,174.0,1524.0,7714.0
5852,174.0,1524.0,7714.0
5853,174.0,1524.0,7714.0
5854,174.0,1524.0,7714.0
5855,172.0,1508.0,7634.0
5856,173.0,1520.0,7754.0
5857,174.0,1528.0,7794.0
5858,173.0,1520.0,7754.0
5859,172.0,1508.0,7634.0
5860,172.0,1508.0,7634.0
5861,173.0,1516.0,7674.0
5862,172.0,1508.0,7634.0
5863,172.0,1508.0,7634.0
5864,172.0,1508.0,7634.0
5865,172.0,1508.0,7634.0
5866,172.0,1508.0,7634.0
5867,172.0,1508.0,7634.0
5868,172.0,1508.0,7634.0
5869,173.0,1524.0,7714.0
5870,173.0,1524.0,7714.0
5871,169.0,1484.0,7514.0
5872,169.0,1484.0,7514.0
5873,169.0,1484.0,7514.0
5874,172.0,1508.0,7634.0
5875,172.0,1508.0,7634.0
5876,172.0,1508.0,7634.0
5877,172.0,1508.0,7634.0
5878,172.0,1508.0,7634.0
5879,172.0,1508.0,7634.0
5880,173.0,1516.0,7674.0
5881,172.0,1508.0,7634.0
5882,172.0,1508.0,7634.0
5883,172.0,1508.0,7634.0
5884,172.0,1508.0,7634.0
5885,172.0,1508.0,7634.0
5886,174.0,1524.0,7714.0
5887,158.0,1396.0,7202.0
5888,157.0,1388.0,7162.0
5889,167.0,1464.0,7482.0
5890,168.0,1472.0,7522.0
5891,173.0,1512.0,7722.0
5892,162.0,1420.0,7282.0
5893,163.0,1428.0,7322.0
5894,159.0,1396.0,7162.0
5895,158.0,1388.0,7122.0
5896,158.0,1388.0,7122.0
5897,158.0,1388.0,7122.0
5898,158.0,1388.0,7122.0
5899,158.0,1388.0,7122.0
5900,158.0,1388.0,7122.0
5901,158.0,1388.0,7122.0
5902,162.0,1420.0,7282.0
5903,159.0,1396.0,7162.0
5904,156.0,1368.0,7042.0
5905,156.0,1368.0,7042.0
5906,159.0,1392.0,7162.0
5907,157.0,1376.0,7082.0
5908,153.0,1344.0,6922.0
5909,153.0,1344.0,6922.0
5910,157.0,1376.0,7082.0
5911,173.0,1504.0,7594.0
5912,168.0,1464.0,7394.0
5913,168.0,1464.0,7394.0
5914,168.0,1464.0,7394.0
5915,168.0,1464.0,7394.0
5916,168.0,1464.0,7394.0
5917,168.0,1464.0,7394.0
5918,169.0,1472.0,7434.0
5919,168.0,1464.0,7394.0
5920,168.0,1464.0,7394.0
5921,169.0,1472.0,7434.0
5922,169.0,1472.0,7434.0
5923,167.0,1456.0,7354.0
5924,167.0,1456.0,7354.0
5925,167.0,1456.0,7354.0
5926,167.0,1456.0,7354.0
5927,172.0,1490.0,7506.0
5928,178.0,1538.0,7746.0
5929,186.0,1602.0,8066.0
5930,183.0,1578.0,7946.0
5931,179.0,1546.0,7786.0
5932,198.0,1698.0,8114.0
5933,198.0,1698.0,8114.0
5934,196.0,1686.0,8138.0
5935,197.0,1694.0,8178.0
5936,181.0,1562.0,7818.0
5937,180.0,1554.0,7802.0
5938,181.0,1562.0,7842.0
5939,182.0,1570.0,7882.0
5940,182.0,1570.0,7882.0
5941,191.0,1674.0,8730.0
5942,188.0,1650.0,8634.0
5943,182.0,1606.0,8474.0
5944,163.0,1418.0,7146.0
5945,167.0,1454.0,7338.0
5946,166.0,1446.0,7298.0
5947,163.0,1422.0,7202.0
5948,160.0,1390.0,6946.0
5949,161.0,1398.0,6986.0
5950,166.0,1446.0,7314.0
5951,167.0,1454.0,7354.0
5952,166.0,1446.0,7314.0
5953,165.0,1434.0,7194.0
5954,165.0,1434.0,7194.0
5955,174.0,1510.0,7610.0
5956,174.0,1510.0,7610.0
5957,171.0,1486.0,7514.0
5958,169.0,1470.0,7434.0
5959,168.0,1462.0,7394.0
5960,167.0,1454.0,7378.0
5961,153.0,1346.0,7002.0
5962,167.0,1458.0,7562.0
5963,167.0,1458.0,7562.0
5964,164.0,1422.0,7202.0
5965,165.0,1430.0,7242.0
5966,152.0,1330.0,6802.0
5967,162.0,1410.0,7202.0
5968,162.0,1410.0,7202.0
5969,161.0,1398.0,7082.0
5970,161.0,1398.0,7082.0
5971,164.0,1426.0,7282.0
5972,164.0,1426.0,7282.0
5973,160.0,1390.0,7042.0
5974,172.0,1486.0,7522.0
5975,170.0,1474.0,7522.0
5976,172.0,1490.0,7602.0
5977,184.0,1586.0,8082.0
5978,189.0,1622.0,8202.0
5979,184.0,1582.0,8002.0
5980,172.0,1486.0,7522.0
5981,173.0,1494.0,7562.0
5982,169.0,1462.0,7402.0
5983,169.0,1462.0,7402.0
5984,173.0,1494.0,7562.0
5985,175.0,1510.0,7642.0
5986,184.0,1582.0,8002.0
5987,166.0,1438.0,7282.0
5988,163.0,1414.0,7162.0
5989,156.0,1358.0,6882.0
5990,154.0,1342.0,6802.0
5991,154.0,1342.0,6802.0
5992,154.0,1342.0,6802.0
5993,154.0,1342.0,6802.0
5994,154.0,1342.0,6802.0
5995,154.0,1342.0,6802.0
5996,153.0,1334.0,6762.0
5997,153.0,1334.0,6762.0
5998,158.0,1374.0,6962.0
5999,161.0,1402.0,7154.0
6000,162.0,1410.0,7170.0
6001,158.0,1384.0,6986.0
6002,149.0,1308.0,6626.0
6003,149.0,1308.0,6626.0
6004,148.0,1300.0,6586.0
6005,147.0,1292.0,6546.0
6006,147.0,1292.0,6546.0
6007,149.0,1316.0,6666.0
6008,148.0,1300.0,6586.0
6009,146.0,1284.0,6530.0
6010,146.0,1284.0,6530.0
6011,146.0,1284.0,6530.0
6012,146.0,1284.0,6530.0
6013,146.0,1284.0,6530.0
6014,146.0,1284.0,6530.0
6015,146.0,1284.0,6530.0
6016,146.0,1284.0,6530.0
6017,146.0,1284.0,6530.0
6018,146.0,1284.0,6530.0
6019,146.0,1284.0,6530.0
6020,143.0,1260.0,6410.0
6021,143.0,1260.0,6410.0
6022,144.0,1268.0,6450.0
6023,144.0,1268.0,6450.0
6024,144.0,1268.0,6450.0
6025,145.0,1284.0,6530.0
6026,145.0,1284.0,6530.0
6027,145.0,1276.0,6490.0
6028,144.0,1268.0,6450.0
6029,144.0,1268.0,6450.0
6030,143.0,1260.0,6410.0
6031,143.0,1260.0,6410.0
6032,143.0,1260.0,6410.0
6033,143.0,1260.0,6410.0
6034,144.0,1268.0,6450.0
6035,144.0,1268.0,6450.0
6036,144.0,1268.0,6450.0
6037,144.0,1268.0,6450.0
6038,144.0,1268.0,6450.0
6039,144.0,1268.0,6450.0
6040,143.0,1260.0,6410.0
6041,143.0,1260.0,6410.0
6042,143.0,1260.0,6410.0
6043,143.0,1260.0,6410.0
6044,144.0,1268.0,6450.0
6045,145.0,1276.0,6490.0
6046,145.0,1276.0,6490.0
6047,145.0,1276.0,6490.0
6048,146.0,1284.0,6530.0
6049,143.0,1260.0,6410.0
6050,145.0,1276.0,6490.0
6051,144.0,1268.0,6450.0
6052,144.0,1268.0,6450.0
6053,147.0,1296.0,6650.0
6054,149.0,1312.0,6730.0
6055,149.0,1312.0,6730.0
6056,144.0,1268.0,6450.0
6057,146.0,1284.0,6530.0
6058,143.0,1260.0,6410.0
6059,143.0,1260.0,6410.0
6060,143.0,1260.0,6410.0
6061,143.0,1260.0,6410.0
6062,144.0,1268.0,6450.0
6063,144.0,1268.0,6450.0
6064,143.0,1252.0,6370.0
6065,143.0,1252.0,6370.0
6066,143.0,1252.0,6370.0
6067,143.0,1252.0,6370.0
6068,143.0,1252.0,6370.0
6069,151.0,1332.0,6770.0
6070,150.0,1324.0,6730.0
6071,147.0,1292.0,6570.0
6072,146.0,1284.0,6530.0
6073,146.0,1284.0,6530.0
6074,146.0,1284.0,6530.0
6075,146.0,1284.0,6530.0
6076,146.0,1284.0,6530.0
6077,146.0,1284.0,6530.0
6078,146.0,1284.0,6530.0
6079,146.0,1284.0,6530.0
6080,145.0,1276.0,6490.0
6081,145.0,1276.0,6490.0
6082,145.0,1276.0,6490.0
6083,145.0,1276.0,6490.0
6084,145.0,1276.0,6490.0
6085,145.0,1276.0,6490.0
6086,146.0,1284.0,6530.0
6087,146.0,1284.0,6530.0
6088,146.0,1284.0,6530.0
6089,144.0,1260.0,6410.0
6090,143.0,1252.0,6370.0
6091,142.0,1244.0,6330.0
6092,142.0,1244.0,6330.0
6093,142.0,1244.0,6330.0
6094,143.0,1252.0,6370.0
6095,142.0,1244.0,6330.0
6096,144.0,1260.0,6410.0
6097,143.0,1252.0,6370.0
6098,143.0,1252.0,6370.0
6099,142.0,1244.0,6330.0
6100,142.0,1244.0,6330.0
6101,142.0,1244.0,6330.0
6102,142.0,1244.0,6330.0
6103,142.0,1244.0,6330.0
6104,142.0,1244.0,6330.0
6105,142.0,1244.0,6330.0
6106,142.0,1244.0,6330.0
6107,142.0,1244.0,6330.0
6108,143.0,1252.0,6370.0
6109,143.0,1252.0,6370.0
6110,143.0,1252.0,6370.0
6111,143.0,1252.0,6370.0
6112,142.0,1244.0,6330.0
6113,142.0,1244.0,6330.0
6114,143.0,1252.0,6370.0
6115,143.0,1252.0,6370.0
6116,143.0,1252.0,6370.0
6117,142.0,1244.0,6330.0
6118,143.0,1252.0,6370.0
6119,143.0,1252.0,6370.0
6120,143.0,1252.0,6370.0
6121,144.0,1260.0,6410.0
6122,144.0,1260.0,6410.0
6123,144.0,1260.0,6410.0
6124,143.0,1252.0,6370.0
6125,142.0,1244.0,6330.0
6126,142.0,1244.0,6330.0
6127,142.0,1244.0,6330.0
6128,143.0,1252.0,6370.0
6129,144.0,1260.0,6410.0
6130,144.0,1260.0,6410.0
6131,150.0,1324.0,6970.0
6132,149.0,1320.0,7010.0
6133,149.0,1320.0,7010.0
6134,143.0,1256.0,6450.0
6135,142.0,1244.0,6330.0
6136,142.0,1244.0,6330.0
6137,142.0,1244.0,6330.0
6138,142.0,1244.0,6330.0
6139,142.0,1244.0,6330.0
6140,142.0,1244.0,6330.0
6141,142.0,1244.0,6330.0
6142,142.0,1244.0,6330.0
6143,142.0,1244.0,6330.0
6144,142.0,1244.0,6330.0
6145,142.0,1244.0,6330.0
6146,142.0,1244.0,6330.0
6147,144.0,1260.0,6410.0
6148,143.0,1252.0,6370.0
6149,143.0,1252.0,6370.0
6150,143.0,1252.0,6370.0
6151,148.0,1300.0,6610.0
6152,146.0,1284.0,6530.0
6153,143.0,1252.0,6370.0
6154,141.0,1236.0,6290.0
6155,146.0,1280.0,6546.0
6156,146.0,1280.0,6546.0
6157,144.0,1264.0,6490.0
6158,140.0,1228.0,6250.0
6159,140.0,1228.0,6250.0
6160,141.0,1236.0,6290.0
6161,141.0,1236.0,6290.0
6162,141.0,1236.0,6290.0
6163,141.0,1236.0,6290.0
6164,141.0,1236.0,6290.0
6165,140.0,1228.0,6250.0
6166,140.0,1228.0,6250.0
6167,140.0,1228.0,6250.0
6168,140.0,1228.0,6250.0
6169,140.0,1228.0,6250.0
6170,140.0,1228.0,6250.0
6171,140.0,1228.0,6250.0
6172,141.0,1236.0,6290.0
6173,143.0,1252.0,6370.0
6174,142.0,1244.0,6330.0
6175,141.0,1236.0,6290.0
6176,140.0,1228.0,6250.0
6177,140.0,1228.0,6250.0
6178,141.0,1236.0,6290.0
6179,136.0,1196.0,6090.0
6180,136.0,1196.0,6090.0
6181,136.0,1196.0,6090.0
6182,136.0,1196.0,6090.0
6183,136.0,1196.0,6090.0
6184,136.0,1196.0,6090.0
6185,136.0,1196.0,6090.0
6186,136.0,1196.0,6090.0
6187,137.0,1204.0,6130.0
6188,138.0,1212.0,6170.0
6189,140.0,1228.0,6250.0
6190,139.0,1220.0,6210.0
6191,136.0,1196.0,6090.0
6192,135.0,1188.0,6050.0
6193,137.0,1204.0,6130.0
6194,136.0,1196.0,6090.0
6195,137.0,1204.0,6130.0
6196,137.0,1204.0,6130.0
6197,135.0,1188.0,6050.0
6198,135.0,1188.0,6050.0
6199,136.0,1196.0,6090.0
6200,137.0,1204.0,6130.0
6201,136.0,1196.0,6090.0
6202,136.0,1196.0,6090.0
6203,142.0,1252.0,6458.0
6204,137.0,1212.0,6258.0
6205,132.0,1164.0,5930.0
6206,134.0,1180.0,6010.0
6207,137.0,1216.0,6250.0
6208,136.0,1200.0,6170.0
6209,133.0,1176.0,6050.0
6210,132.0,1164.0,5930.0
6211,132.0,1164.0,5930.0
6212,139.0,1224.0,6266.0
6213,135.0,1192.0,6106.0
6214,133.0,1176.0,6058.0
6215,131.0,1152.0,5818.0
6216,131.0,1152.0,5818.0
6217,134.0,1176.0,5938.0
6218,132.0,1160.0,5858.0
6219,132.0,1160.0,5858.0
6220,132.0,1160.0,5858.0
6221,133.0,1168.0,5898.0
6222,130.0,1144.0,5778.0
6223,137.0,1204.0,6090.0
6224,137.0,1204.0,6090.0
6225,136.0,1196.0,6050.0
6226,136.0,1196.0,6050.0
6227,136.0,1196.0,6050.0
6228,136.0,1196.0,6050.0
6229,136.0,1196.0,6050.0
6230,136.0,1196.0,6050.0
6231,137.0,1204.0,6090.0
6232,137.0,1204.0,6090.0
6233,137.0,1204.0,6090.0
6234,137.0,1204.0,6090.0
6235,136.0,1196.0,6050.0
6236,136.0,1196.0,6050.0
6237,138.0,1212.0,6106.0
6238,137.0,1204.0,6066.0
6239,136.0,1196.0,6050.0
6240,136.0,1196.0,6050.0
6241,137.0,1204.0,6090.0
6242,137.0,1204.0,6090.0
6243,139.0,1220.0,6170.0
6244,140.0,1228.0,6210.0
6245,137.0,1204.0,6090.0
6246,136.0,1196.0,6050.0
6247,135.0,1188.0,6010.0
6248,138.0,1212.0,6106.0
6249,138.0,1212.0,6106.0
6250,135.0,1188.0,6010.0
6251,135.0,1188.0,6010.0
6252,135.0,1188.0,6010.0
6253,135.0,1188.0,6010.0
6254,135.0,1188.0,6010.0
6255,135.0,1188.0,6010.0
6256,135.0,1188.0,6010.0
6257,135.0,1188.0,6010.0
6258,136.0,1196.0,6050.0
6259,136.0,1196.0,6050.0
6260,137.0,1204.0,6090.0
6261,137.0,1204.0,6090.0
6262,136.0,1196.0,6050.0
6263,135.0,1188.0,6010.0
6264,135.0,1188.0,6010.0
6265,137.0,1204.0,6090.0
6266,133.0,1172.0,6026.0
6267,133.0,1172.0,6026.0
6268,132.0,1164.0,5986.0
6269,132.0,1164.0,5986.0
6270,131.0,1156.0,5946.0
6271,131.0,1156.0,5946.0
6272,131.0,1156.0,5946.0
6273,131.0,1156.0,5946.0
6274,131.0,1156.0,5946.0
6275,131.0,1156.0,5946.0
6276,131.0,1156.0,5946.0
6277,131.0,1156.0,5946.0
6278,131.0,1156.0,5946.0
6279,132.0,1164.0,5986.0
6280,132.0,1164.0,5986.0
6281,132.0,1164.0,5986.0
6282,132.0,1164.0,5986.0
6283,132.0,1164.0,5986.0
6284,131.0,1156.0,5946.0
6285,131.0,1156.0,5946.0
6286,131.0,1156.0,5946.0
6287,131.0,1156.0,5946.0
6288,131.0,1156.0,5946.0
6289,131.0,1156.0,5946.0
6290,131.0,1156.0,5946.0
6291,133.0,1172.0,6026.0
6292,132.0,1164.0,5986.0
6293,132.0,1164.0,5986.0
6294,132.0,1164.0,5986.0
6295,131.0,1156.0,5946.0
6296,131.0,1156.0,5946.0
6297,131.0,1156.0,5946.0
6298,131.0,1156.0,5946.0
6299,131.0,1156.0,5946.0
6300,131.0,1156.0,5946.0
6301,131.0,1156.0,5946.0
6302,131.0,1156.0,5946.0
6303,131.0,1156.0,5946.0
6304,132.0,1164.0,5986.0
6305,132.0,1164.0,5986.0
6306,132.0,1164.0,5986.0
6307,132.0,1164.0,5986.0
6308,132.0,1164.0,5986.0
6309,131.0,1156.0,5946.0
6310,131.0,1156.0,5946.0
6311,131.0,1156.0,5946.0
6312,131.0,1156.0,5946.0
6313,131.0,1156.0,5946.0
6314,131.0,1156.0,5946.0
6315,131.0,1156.0,5946.0
6316,131.0,1152.0,5866.0
6317,130.0,1144.0,5826.0
6318,130.0,1144.0,5826.0
6319,129.0,1136.0,5786.0
6320,129.0,1136.0,5786.0
6321,129.0,1136.0,5786.0
6322,130.0,1144.0,5826.0
6323,130.0,1144.0,5826.0
6324,130.0,1144.0,5826.0
6325,130.0,1144.0,5826.0
6326,130.0,1144.0,5826.0
6327,129.0,1136.0,5786.0
6328,130.0,1144.0,5826.0
6329,130.0,1144.0,5826.0
6330,130.0,1144.0,5826.0
6331,130.0,1144.0,5826.0
6332,129.0,1136.0,5786.0
6333,129.0,1136.0,5786.0
6334,129.0,1136.0,5786.0
6335,129.0,1136.0,5786.0
6336,130.0,1144.0,5826.0
6337,130.0,1144.0,5826.0
6338,130.0,1144.0,5826.0
6339,130.0,1144.0,5826.0
6340,130.0,1144.0,5826.0
6341,130.0,1144.0,5826.0
6342,130.0,1144.0,5826.0
6343,130.0,1144.0,5826.0
6344,130.0,1144.0,5826.0
6345,130.0,1144.0,5826.0
6346,130.0,1144.0,5826.0
6347,130.0,1144.0,5826.0
6348,130.0,1144.0,5826.0
6349,130.0,1144.0,5826.0
6350,131.0,1152.0,5866.0
6351,131.0,1152.0,5866.0
6352,131.0,1152.0,5866.0
6353,130.0,1144.0,5826.0
6354,130.0,1144.0,5826.0
6355,130.0,1144.0,5826.0
6356,130.0,1144.0,5826.0
6357,130.0,1144.0,5826.0
6358,130.0,1144.0,5826.0
6359,133.0,1168.0,5946.0
6360,135.0,1184.0,6026.0
6361,135.0,1184.0,6026.0
6362,135.0,1184.0,6026.0
6363,135.0,1184.0,6026.0
6364,135.0,1184.0,6026.0
6365,137.0,1200.0,6106.0
6366,136.0,1192.0,6066.0
6367,135.0,1184.0,6026.0
6368,134.0,1176.0,5986.0
6369,134.0,1176.0,5986.0
6370,134.0,1176.0,5986.0
6371,134.0,1176.0,5986.0
6372,134.0,1176.0,5986.0
6373,134.0,1176.0,5986.0
6374,135.0,1184.0,6026.0
6375,135.0,1184.0,6026.0
6376,135.0,1184.0,6026.0
6377,135.0,1184.0,6026.0
6378,134.0,1176.0,5986.0
6379,135.0,1184.0,6026.0
6380,134.0,1176.0,5986.0
6381,134.0,1176.0,5986.0
6382,134.0,1176.0,5986.0
6383,134.0,1176.0,5986.0
6384,135.0,1184.0,6026.0
6385,135.0,1184.0,6026.0
6386,137.0,1200.0,6106.0
6387,135.0,1184.0,6026.0
6388,135.0,1184.0,6026.0
6389,134.0,1176.0,5986.0
6390,134.0,1176.0,5986.0
6391,134.0,1176.0,5986.0
6392,134.0,1176.0,5986.0
6393,133.0,1168.0,5946.0
6394,134.0,1176.0,5986.0
6395,134.0,1176.0,5986.0
6396,134.0,1176.0,5986.0
6397,133.0,1168.0,5946.0
6398,133.0,1168.0,5946.0
6399,133.0,1168.0,5946.0
6400,133.0,1168.0,5946.0
6401,133.0,1168.0,5946.0
6402,133.0,1168.0,5946.0
6403,133.0,1168.0,5946.0
6404,133.0,1168.0,5946.0
6405,133.0,1168.0,5946.0
6406,133.0,1168.0,5946.0
6407,134.0,1176.0,5986.0
6408,135.0,1184.0,6026.0
6409,135.0,1184.0,6026.0
6410,136.0,1192.0,6066.0
6411,137.0,1200.0,6106.0
6412,135.0,1184.0,6026.0
6413,135.0,1184.0,6026.0
6414,135.0,1184.0,6026.0
6415,134.0,1176.0,5986.0
6416,134.0,1176.0,5986.0
6417,134.0,1176.0,5986.0
6418,135.0,1184.0,6026.0
6419,135.0,1184.0,6026.0
6420,135.0,1184.0,6026.0
6421,135.0,1184.0,6026.0
6422,133.0,1160.0,5906.0
6423,133.0,1160.0,5906.0
6424,133.0,1160.0,5906.0
6425,133.0,1160.0,5906.0
6426,133.0,1160.0,5906.0
6427,133.0,1160.0,5906.0
6428,133.0,1160.0,5906.0
6429,133.0,1160.0,5906.0
6430,133.0,1160.0,5906.0
6431,133.0,1160.0,5906.0
6432,135.0,1176.0,5986.0
6433,135.0,1176.0,5986.0
6434,136.0,1184.0,6026.0
6435,134.0,1168.0,5946.0
6436,134.0,1168.0,5946.0
6437,136.0,1184.0,6026.0
6438,135.0,1176.0,5986.0
6439,135.0,1176.0,5986.0
6440,134.0,1168.0,5946.0
6441,133.0,1160.0,5906.0
6442,133.0,1160.0,5906.0
6443,134.0,1168.0,5946.0
6444,134.0,1168.0,5946.0
6445,134.0,1168.0,5946.0
6446,134.0,1168.0,5946.0
6447,134.0,1168.0,5946.0
6448,134.0,1168.0,5946.0
6449,134.0,1168.0,5946.0
6450,133.0,1160.0,5906.0
6451,133.0,1160.0,5906.0
6452,133.0,1160.0,5906.0
6453,133.0,1160.0,5906.0
6454,133.0,1160.0,5906.0
6455,133.0,1160.0,5906.0
6456,133.0,1160.0,5906.0
6457,134.0,1168.0,5946.0
6458,133.0,1160.0,5906.0
6459,133.0,1160.0,5906.0
6460,135.0,1176.0,5986.0
6461,134.0,1168.0,5946.0
6462,134.0,1168.0,5946.0
6463,134.0,1168.0,5946.0
6464,135.0,1176.0,5986.0
6465,134.0,1168.0,5946.0
6466,134.0,1168.0,5946.0
6467,134.0,1168.0,5946.0
6468,134.0,1168.0,5946.0
6469,134.0,1168.0,5946.0
6470,134.0,1168.0,5946.0
6471,134.0,1168.0,5946.0
6472,134.0,1168.0,5946.0
6473,134.0,1168.0,5946.0
6474,134.0,1168.0,5946.0
6475,134.0,1168.0,5946.0
6476,134.0,1168.0,5946.0
6477,134.0,1168.0,5946.0
6478,134.0,1168.0,5946.0
6479,134.0,1168.0,5946.0
6480,134.0,1168.0,5946.0
6481,134.0,1168.0,5946.0
6482,135.0,1176.0,5986.0
6483,134.0,1168.0,5946.0
6484,134.0,1168.0,5946.0
6485,134.0,1168.0,5946.0
6486,134.0,1168.0,5946.0
6487,134.0,1168.0,5946.0
6488,134.0,1168.0,5946.0
6489,134.0,1168.0,5946.0
6490,134.0,1168.0,5946.0
6491,134.0,1168.0,5946.0
6492,134.0,1168.0,5946.0
6493,134.0,1168.0,5946.0
6494,134.0,1168.0,5946.0
6495,134.0,1168.0,5946.0
6496,134.0,1168.0,5946.0
6497,134.0,1168.0,5946.0
6498,134.0,1168.0,5946.0
6499,134.0,1168.0,5946.0
6500,135.0,1176.0,5986.0
6501,134.0,1168.0,5946.0
6502,134.0,1168.0,5946.0
6503,134.0,1168.0,5946.0
6504,134.0,1168.0,5946.0
6505,134.0,1168.0,5946.0
6506,134.0,1168.0,5946.0
6507,134.0,1168.0,5946.0
6508,134.0,1168.0,5946.0
6509,134.0,1168.0,5946.0
6510,131.0,1144.0,5826.0
6511,131.0,1144.0,5826.0
6512,131.0,1144.0,5826.0
6513,131.0,1144.0,5826.0
6514,131.0,1144.0,5826.0
6515,131.0,1144.0,5826.0
6516,131.0,1144.0,5826.0
6517,131.0,1144.0,5826.0
6518,131.0,1144.0,5826.0
6519,131.0,1144.0,5826.0
6520,131.0,1144.0,5826.0
6521,131.0,1144.0,5826.0
6522,131.0,1144.0,5826.0
6523,132.0,1152.0,5866.0
6524,131.0,1144.0,5826.0
6525,131.0,1144.0,5826.0
6526,131.0,1144.0,5826.0
6527,131.0,1144.0,5826.0
6528,131.0,1144.0,5826.0
6529,131.0,1144.0,5826.0
6530,131.0,1144.0,5826.0
6531,131.0,1144.0,5826.0
6532,131.0,1144.0,5826.0
6533,131.0,1144.0,5826.0
6534,131.0,1144.0,5826.0
6535,131.0,1144.0,5826.0
6536,131.0,1144.0,5826.0
6537,131.0,1144.0,5826.0
6538,131.0,1144.0,5826.0
6539,131.0,1144.0,5826.0
6540,131.0,1144.0,5826.0
6541,131.0,1144.0,5826.0
6542,131.0,1144.0,5826.0
6543,131.0,1144.0,5826.0
6544,131.0,1144.0,5826.0
6545,131.0,1144.0,5826.0
6546,132.0,1152.0,5866.0
6547,131.0,1144.0,5826.0
6548,131.0,1144.0,5826.0
6549,131.0,1144.0,5826.0
6550,131.0,1144.0,5826.0
6551,131.0,1144.0,5826.0
6552,131.0,1144.0,5826.0
6553,131.0,1144.0,5826.0
6554,131.0,1144.0,5826.0
6555,131.0,1144.0,5826.0
6556,131.0,1144.0,5826.0
6557,131.0,1144.0,5826.0
6558,131.0,1144.0,5826.0
6559,131.0,1144.0,5826.0
6560,131.0,1144.0,5826.0
6561,131.0,1144.0,5826.0
6562,131.0,1144.0,5826.0
6563,131.0,1144.0,5826.0
6564,131.0,1144.0,5826.0
6565,131.0,1144.0,5826.0
6566,131.0,1144.0,5826.0
6567,131.0,1144.0,5826.0
6568,131.0,1144.0,5826.0
6569,131.0,1144.0,5826.0
6570,132.0,1152.0,5866.0
6571,131.0,1144.0,5826.0
6572,131.0,1144.0,5826.0
6573,131.0,1144.0,5826.0
6574,131.0,1144.0,5826.0
6575,131.0,1144.0,5826.0
6576,131.0,1144.0,5826.0
6577,131.0,1144.0,5826.0
6578,131.0,1144.0,5826.0
6579,131.0,1144.0,5826.0
6580,131.0,1144.0,5826.0
6581,131.0,1144.0,5826.0
6582,131.0,1144.0,5826.0
6583,131.0,1144.0,5826.0
6584,131.0,1144.0,5826.0
6585,131.0,1144.0,5826.0
6586,131.0,1144.0,5826.0
6587,131.0,1144.0,5826.0
6588,131.0,1144.0,5826.0
6589,131.0,1144.0,5826.0
6590,131.0,1144.0,5826.0
6591,131.0,1144.0,5826.0
6592,131.0,1144.0,5826.0
6593,131.0,1144.0,5826.0
6594,132.0,1152.0,5866.0
6595,132.0,1152.0,5866.0
6596,131.0,1144.0,5826.0
6597,131.0,1144.0,5826.0
6598,131.0,1144.0,5826.0
6599,131.0,1144.0,5826.0
6600,131.0,1144.0,5826.0
6601,131.0,1144.0,5826.0
6602,131.0,1144.0,5826.0
6603,131.0,1144.0,5826.0
6604,131.0,1144.0,5826.0
6605,131.0,1144.0,5826.0
6606,131.0,1144.0,5826.0
6607,131.0,1144.0,5826.0
6608,131.0,1144.0,5826.0
6609,131.0,1144.0,5826.0
6610,131.0,1144.0,5826.0
6611,131.0,1144.0,5826.0
6612,131.0,1144.0,5826.0
6613,131.0,1144.0,5826.0
6614,131.0,1144.0,5826.0
6615,126.0,1096.0,5586.0
6616,126.0,1096.0,5586.0
6617,126.0,1096.0,5586.0
6618,126.0,1096.0,5586.0
6619,127.0,1104.0,5626.0
6620,126.0,1096.0,5586.0
6621,126.0,1096.0,5586.0
6622,126.0,1096.0,5586.0
6623,126.0,1096.0,5586.0
6624,126.0,1096.0,5586.0
6625,126.0,1096.0,5586.0
6626,126.0,1096.0,5586.0
6627,126.0,1096.0,5586.0
6628,126.0,1096.0,5586.0
6629,126.0,1096.0,5586.0
6630,126.0,1096.0,5586.0
6631,128.0,1120.0,5706.0
6632,128.0,1120.0,5706.0
6633,128.0,1120.0,5706.0
6634,128.0,1120.0,5706.0
6635,128.0,1120.0,5706.0
6636,128.0,1120.0,5706.0
6637,128.0,1120.0,5706.0
6638,128.0,1120.0,5706.0
6639,128.0,1120.0,5706.0
6640,128.0,1120.0,5706.0
6641,128.0,1120.0,5706.0
6642,128.0,1120.0,5706.0
6643,128.0,1120.0,5706.0
6644,128.0,1120.0,5706.0
6645,128.0,1120.0,5706.0
6646,129.0,1128.0,5746.0
6647,128.0,1120.0,5706.0
6648,128.0,1120.0,5706.0
6649,128.0,1120.0,5706.0
6650,133.0,1168.0,5946.0
6651,129.0,1128.0,5746.0
6652,129.0,1128.0,5746.0
6653,129.0,1128.0,5746.0
6654,129.0,1128.0,5746.0
6655,129.0,1128.0,5746.0
6656,129.0,1128.0,5746.0
6657,129.0,1128.0,5746.0
6658,129.0,1128.0,5746.0
6659,129.0,1128.0,5746.0
6660,129.0,1128.0,5746.0
6661,129.0,1128.0,5746.0
6662,129.0,1128.0,5746.0
6663,129.0,1128.0,5746.0
6664,129.0,1128.0,5746.0
6665,129.0,1128.0,5746.0
6666,129.0,1128.0,5746.0
6667,130.0,1136.0,5786.0
6668,134.0,1176.0,5986.0
6669,132.0,1160.0,5906.0
6670,130.0,1136.0,5786.0
6671,130.0,1136.0,5786.0
6672,130.0,1136.0,5786.0
6673,130.0,1136.0,5786.0
6674,130.0,1136.0,5786.0
6675,130.0,1136.0,5786.0
6676,130.0,1136.0,5786.0
6677,130.0,1136.0,5786.0
6678,130.0,1136.0,5786.0
6679,130.0,1136.0,5786.0
6680,130.0,1136.0,5786.0
6681,130.0,1136.0,5786.0
6682,130.0,1136.0,5786.0
6683,130.0,1136.0,5786.0
6684,130.0,1136.0,5786.0
6685,130.0,1136.0,5786.0
6686,132.0,1160.0,5906.0
6687,132.0,1160.0,5906.0
6688,131.0,1144.0,5826.0
6689,134.0,1168.0,5946.0
6690,132.0,1152.0,5866.0
6691,129.0,1128.0,5746.0
6692,129.0,1128.0,5746.0
6693,129.0,1128.0,5746.0
6694,129.0,1128.0,5746.0
6695,129.0,1128.0,5746.0
6696,129.0,1128.0,5746.0
6697,129.0,1128.0,5746.0
6698,129.0,1128.0,5746.0
6699,129.0,1128.0,5746.0
6700,129.0,1128.0,5746.0
6701,129.0,1128.0,5746.0
6702,129.0,1128.0,5746.0
6703,129.0,1128.0,5746.0
6704,129.0,1128.0,5746.0
6705,130.0,1136.0,5786.0
6706,129.0,1128.0,5746.0
6707,130.0,1136.0,5786.0
6708,130.0,1136.0,5786.0
6709,129.0,1128.0,5746.0
6710,128.0,1120.0,5706.0
6711,128.0,1120.0,5706.0
6712,128.0,1120.0,5706.0
6713,128.0,1120.0,5706.0
6714,128.0,1120.0,5706.0
6715,128.0,1120.0,5706.0
6716,129.0,1128.0,5746.0
6717,128.0,1120.0,5706.0
6718,128.0,1120.0,5706.0
6719,128.0,1120.0,5706.0
6720,128.0,1120.0,5706.0
6721,128.0,1120.0,5706.0
6722,128.0,1120.0,5706.0
6723,128.0,1120.0,5706.0
6724,128.0,1120.0,5706.0
6725,128.0,1120.0,5706.0
6726,128.0,1120.0,5706.0
6727,128.0,1120.0,5706.0
6728,128.0,1120.0,5706.0
6729,129.0,1132.0,5826.0
6730,129.0,1132.0,5826.0
6731,128.0,1120.0,5706.0
6732,128.0,1120.0,5706.0
6733,129.0,1128.0,5746.0
6734,128.0,1120.0,5706.0
6735,128.0,1120.0,5706.0
6736,128.0,1120.0,5706.0
6737,128.0,1120.0,5706.0
6738,128.0,1120.0,5706.0
6739,129.0,1128.0,5746.0
6740,128.0,1120.0,5706.0
6741,128.0,1120.0,5706.0
6742,128.0,1120.0,5706.0
6743,128.0,1120.0,5706.0
6744,134.0,1168.0,5946.0
6745,135.0,1176.0,5986.0
6746,133.0,1160.0,5906.0
6747,132.0,1152.0,5866.0
6748,133.0,1160.0,5906.0
6749,133.0,1160.0,5906.0
6750,133.0,1160.0,5906.0
6751,133.0,1160.0,5906.0
6752,133.0,1160.0,5906.0
6753,140.0,1216.0,6186.0
6754,140.0,1216.0,6186.0
6755,150.0,1304.0,6722.0
6756,150.0,1304.0,6722.0
6757,143.0,1248.0,6466.0
6758,140.0,1216.0,6230.0
6759,140.0,1216.0,6230.0
6760,141.0,1224.0,6270.0
6761,140.0,1216.0,6230.0
6762,141.0,1224.0,6270.0
6763,140.0,1216.0,6230.0
6764,140.0,1216.0,6230.0
6765,140.0,1216.0,6230.0
6766,140.0,1216.0,6230.0
6767,143.0,1240.0,6360.0
6768,141.0,1224.0,6280.0
6769,140.0,1216.0,6230.0
6770,140.0,1216.0,6230.0
6771,140.0,1216.0,6230.0
6772,142.0,1232.0,6320.0
6773,142.0,1232.0,6320.0
6774,141.0,1224.0,6270.0
6775,141.0,1224.0,6270.0
6776,140.0,1216.0,6230.0
6777,142.0,1232.0,6320.0
6778,142.0,1232.0,6320.0
6779,140.0,1216.0,6230.0
6780,142.0,1232.0,6310.0
6781,141.0,1224.0,6270.0
6782,140.0,1216.0,6230.0
6783,143.0,1240.0,6360.0
6784,143.0,1240.0,6360.0
6785,141.0,1224.0,6270.0
6786,142.0,1232.0,6310.0
6787,144.0,1248.0,6390.0
6788,143.0,1240.0,6350.0
6789,152.0,1320.0,6856.0
6790,150.0,1304.0,6776.0
6791,173.0,1488.0,7446.0
6792,171.0,1464.0,7182.0
6793,171.0,1464.0,7182.0
6794,172.0,1472.0,7222.0
6795,171.0,1464.0,7182.0
6796,165.0,1416.0,6942.0
6797,163.0,1400.0,6862.0
6798,163.0,1400.0,6862.0
6799,163.0,1400.0,6862.0
6800,160.0,1376.0,6742.0
6801,160.0,1376.0,6742.0
6802,162.0,1392.0,6822.0
6803,165.0,1416.0,6942.0
6804,140.0,1216.0,6086.0
6805,140.0,1216.0,6182.0
6806,139.0,1208.0,6142.0
6807,139.0,1208.0,6142.0
6808,139.0,1208.0,6142.0
6809,139.0,1208.0,6142.0
6810,144.0,1248.0,6342.0
6811,144.0,1248.0,6342.0
6812,144.0,1248.0,6342.0
6813,144.0,1248.0,6342.0
6814,154.0,1344.0,6938.0
6815,150.0,1304.0,6718.0
6816,144.0,1256.0,6526.0
6817,145.0,1256.0,6390.0
6818,146.0,1264.0,6430.0
6819,145.0,1256.0,6390.0
6820,145.0,1256.0,6390.0
6821,145.0,1256.0,6390.0
6822,145.0,1256.0,6390.0
6823,145.0,1256.0,6390.0
6824,145.0,1256.0,6390.0
6825,150.0,1308.0,6832.0
6826,151.0,1316.0,6864.0
6827,139.0,1220.0,6438.0
6828,136.0,1192.0,6228.0
6829,135.0,1180.0,6108.0
6830,135.0,1180.0,6108.0
6831,135.0,1180.0,6108.0
6832,135.0,1180.0,6108.0
6833,135.0,1180.0,6108.0
6834,134.0,1164.0,6028.0
6835,134.0,1164.0,6028.0
6836,134.0,1164.0,6028.0
6837,135.0,1172.0,6060.0
6838,134.0,1164.0,6028.0
6839,134.0,1164.0,6028.0
6840,134.0,1164.0,6028.0
6841,135.0,1172.0,6068.0
6842,134.0,1164.0,6028.0
6843,134.0,1164.0,6028.0
6844,134.0,1164.0,6028.0
6845,134.0,1164.0,6028.0
6846,134.0,1164.0,6028.0
6847,134.0,1164.0,6028.0
6848,135.0,1172.0,6068.0
6849,135.0,1172.0,6068.0
6850,135.0,1172.0,6068.0
6851,135.0,1172.0,6068.0
6852,135.0,1172.0,6068.0
6853,135.0,1172.0,6068.0
6854,135.0,1172.0,6068.0
6855,134.0,1160.0,5948.0
6856,134.0,1160.0,5948.0
6857,134.0,1160.0,5948.0
6858,134.0,1160.0,5948.0
6859,134.0,1160.0,5948.0
6860,134.0,1160.0,5948.0
6861,134.0,1160.0,5948.0
6862,132.0,1144.0,5884.0
6863,132.0,1144.0,5884.0
6864,132.0,1144.0,5884.0
6865,132.0,1144.0,5884.0
6866,132.0,1144.0,5884.0
6867,132.0,1144.0,5884.0
6868,132.0,1144.0,5884.0
6869,133.0,1160.0,5964.0
6870,133.0,1160.0,5964.0
6871,130.0,1120.0,5764.0
6872,130.0,1120.0,5764.0
6873,131.0,1128.0,5804.0
6874,130.0,1120.0,5764.0
6875,131.0,1128.0,5804.0
6876,123.0,1064.0,5484.0
6877,116.0,1008.0,5204.0
6878,116.0,1008.0,5204.0
6879,116.0,1008.0,5204.0
6880,116.0,1008.0,5204.0
6881,116.0,1008.0,5204.0
6882,117.0,1016.0,5244.0
6883,115.0,1000.0,5164.0
6884,113.0,984.0,5092.0
6885,110.0,952.0,4802.0
6886,110.0,952.0,4802.0
6887,114.0,984.0,4962.0
6888,114.0,984.0,4962.0
6889,109.0,936.0,4722.0
6890,107.0,920.0,4642.0
6891,106.0,912.0,4602.0
6892,106.0,912.0,4602.0
6893,106.0,912.0,4602.0
6894,105.0,904.0,4562.0
6895,105.0,904.0,4562.0
6896,105.0,904.0,4562.0
6897,105.0,904.0,4562.0
6898,105.0,904.0,4562.0
6899,105.0,904.0,4562.0
6900,105.0,904.0,4562.0
6901,105.0,904.0,4562.0
6902,105.0,904.0,4562.0
6903,105.0,904.0,4562.0
6904,105.0,904.0,4562.0
6905,105.0,904.0,4562.0
6906,106.0,912.0,4602.0
6907,106.0,912.0,4602.0
6908,102.0,864.0,4362.0
6909,102.0,864.0,4362.0
6910,102.0,864.0,4362.0
6911,102.0,864.0,4362.0
6912,102.0,864.0,4362.0
6913,103.0,872.0,4402.0
6914,102.0,864.0,4362.0
6915,102.0,864.0,4362.0
6916,102.0,864.0,4362.0
6917,109.0,920.0,4642.0
6918,109.0,920.0,4642.0
6919,109.0,920.0,4642.0
6920,104.0,880.0,4442.0
6921,103.0,872.0,4402.0
6922,102.0,864.0,4362.0
6923,102.0,864.0,4362.0
6924,102.0,864.0,4362.0
6925,102.0,864.0,4362.0
6926,102.0,864.0,4362.0
6927,102.0,864.0,4362.0
6928,102.0,864.0,4362.0
6929,102.0,864.0,4362.0
6930,102.0,864.0,4362.0
6931,102.0,864.0,4362.0
6932,102.0,864.0,4362.0
6933,102.0,864.0,4362.0
6934,102.0,864.0,4362.0
6935,102.0,864.0,4362.0
6936,103.0,880.0,4442.0
6937,103.0,880.0,4442.0
6938,103.0,880.0,4442.0
6939,103.0,880.0,4442.0
6940,103.0,880.0,4442.0
6941,103.0,880.0,4442.0
6942,103.0,880.0,4442.0
6943,103.0,880.0,4442.0
6944,104.0,888.0,4482.0
6945,103.0,880.0,4442.0
6946,103.0,880.0,4442.0
6947,103.0,880.0,4442.0
6948,103.0,880.0,4442.0
6949,103.0,880.0,4442.0
6950,103.0,880.0,4442.0
6951,103.0,880.0,4442.0
6952,103.0,880.0,4442.0
6953,103.0,880.0,4442.0
6954,103.0,880.0,4442.0
6955,103.0,880.0,4442.0
6956,103.0,880.0,4442.0
6957,103.0,880.0,4442.0
6958,103.0,880.0,4442.0
6959,103.0,880.0,4442.0
6960,104.0,888.0,4482.0
6961,103.0,880.0,4442.0
6962,103.0,880.0,4442.0
6963,103.0,880.0,4442.0
6964,104.0,888.0,4482.0
6965,104.0,888.0,4482.0
6966,104.0,888.0,4482.0
6967,103.0,880.0,4442.0
6968,103.0,880.0,4442.0
6969,103.0,880.0,4442.0
6970,103.0,880.0,4442.0
6971,103.0,880.0,4442.0
6972,103.0,880.0,4442.0
6973,103.0,880.0,4442.0
6974,103.0,880.0,4442.0
6975,103.0,880.0,4442.0
6976,103.0,880.0,4442.0
6977,103.0,880.0,4442.0
6978,103.0,880.0,4442.0
6979,103.0,880.0,4442.0
6980,103.0,880.0,4442.0
6981,104.0,888.0,4482.0
6982,104.0,888.0,4482.0
6983,105.0,896.0,4522.0
6984,105.0,896.0,4522.0
6985,104.0,888.0,4482.0
6986,104.0,888.0,4482.0
6987,104.0,888.0,4482.0
6988,104.0,888.0,4482.0
6989,104.0,888.0,4482.0
6990,104.0,888.0,4482.0
6991,104.0,888.0,4482.0
6992,104.0,888.0,4482.0
6993,104.0,888.0,4482.0
6994,104.0,888.0,4482.0
6995,104.0,888.0,4482.0
6996,104.0,888.0,4482.0
6997,104.0,888.0,4482.0
6998,104.0,888.0,4482.0
6999,104.0,888.0,4482.0
7000,104.0,888.0,4482.0
7001,104.0,888.0,4482.0
7002,104.0,888.0,4482.0
7003,104.0,888.0,4482.0
7004,104.0,888.0,4482.0
7005,104.0,888.0,4482.0
7006,104.0,888.0,4482.0
7007,104.0,888.0,4482.0
7008,104.0,888.0,4482.0
7009,104.0,888.0,4482.0
7010,104.0,888.0,4482.0
7011,104.0,888.0,4482.0
7012,105.0,896.0,4522.0
7013,105.0,896.0,4522.0
7014,106.0,904.0,4562.0
7015,105.0,896.0,4522.0
7016,105.0,896.0,4522.0
7017,105.0,896.0,4522.0
7018,105.0,896.0,4522.0
7019,105.0,896.0,4522.0
7020,105.0,896.0,4522.0
7021,105.0,896.0,4522.0
7022,105.0,896.0,4522.0
7023,105.0,896.0,4522.0
7024,105.0,896.0,4522.0
7025,105.0,896.0,4522.0
7026,105.0,896.0,4522.0
7027,105.0,896.0,4522.0
7028,105.0,896.0,4522.0
7029,107.0,912.0,4602.0
7030,107.0,912.0,4602.0
7031,107.0,912.0,4602.0
7032,107.0,912.0,4602.0
7033,109.0,928.0,4682.0
7034,109.0,928.0,4682.0
7035,142.0,1192.0,6002.0
7036,135.0,1136.0,5722.0
7037,107.0,912.0,4602.0
7038,108.0,936.0,4722.0
7039,113.0,976.0,4922.0
7040,119.0,1028.0,5202.0
7041,122.0,1052.0,5322.0
7042,123.0,1056.0,5282.0
7043,120.0,1032.0,5162.0
7044,121.0,1040.0,5194.0
7045,119.0,1024.0,5122.0
7046,119.0,1024.0,5122.0
7047,116.0,1000.0,5002.0
7048,116.0,1000.0,5002.0
7049,114.0,984.0,4922.0
7050,114.0,984.0,4922.0
7051,114.0,984.0,4922.0
7052,114.0,984.0,4922.0
7053,114.0,984.0,4922.0
7054,114.0,984.0,4922.0
7055,114.0,984.0,4922.0
7056,114.0,984.0,4922.0
7057,115.0,992.0,4962.0
7058,114.0,984.0,4922.0
7059,114.0,984.0,4922.0
7060,114.0,984.0,4922.0
7061,114.0,984.0,4922.0
7062,114.0,984.0,4922.0
7063,114.0,984.0,4922.0
7064,114.0,984.0,4922.0
7065,114.0,984.0,4922.0
7066,114.0,984.0,4922.0
7067,114.0,984.0,4922.0
7068,114.0,984.0,4922.0
7069,114.0,992.0,4962.0
7070,114.0,992.0,4962.0
7071,113.0,984.0,4922.0
7072,113.0,984.0,4922.0
7073,110.0,960.0,4802.0
7074,109.0,952.0,4762.0
7075,109.0,952.0,4762.0
7076,109.0,952.0,4762.0
7077,110.0,944.0,4722.0
7078,112.0,960.0,4770.0
7079,109.0,936.0,4700.0
7080,108.0,928.0,4660.0
7081,107.0,920.0,4620.0
7082,106.0,912.0,4580.0
7083,106.0,912.0,4580.0
7084,106.0,912.0,4580.0
7085,108.0,928.0,4660.0
7086,107.0,920.0,4620.0
7087,110.0,944.0,4740.0
7088,109.0,936.0,4700.0
7089,109.0,936.0,4692.0
7090,108.0,928.0,4652.0
7091,104.0,896.0,4524.0
7092,104.0,896.0,4524.0
7093,104.0,896.0,4524.0
7094,104.0,896.0,4524.0
7095,104.0,896.0,4524.0
7096,105.0,904.0,4564.0
7097,105.0,904.0,4564.0
7098,105.0,904.0,4564.0
7099,105.0,904.0,4564.0
7100,105.0,904.0,4564.0
7101,105.0,904.0,4564.0
7102,105.0,904.0,4564.0
7103,105.0,904.0,4564.0
7104,108.0,936.0,4724.0
7105,107.0,920.0,4644.0
7106,106.0,912.0,4604.0
7107,106.0,912.0,4604.0
7108,106.0,912.0,4604.0
7109,107.0,920.0,4644.0
7110,108.0,928.0,4676.0
7111,108.0,928.0,4684.0
7112,105.0,904.0,4564.0
7113,105.0,904.0,4564.0
7114,105.0,904.0,4564.0
7115,105.0,904.0,4564.0
7116,105.0,904.0,4564.0
7117,106.0,912.0,4614.0
7118,106.0,912.0,4614.0
7119,106.0,912.0,4614.0
7120,106.0,912.0,4614.0
7121,106.0,912.0,4614.0
7122,107.0,920.0,4654.0
7123,108.0,928.0,4694.0
7124,108.0,928.0,4694.0
7125,108.0,928.0,4694.0
7126,108.0,928.0,4694.0
7127,108.0,928.0,4694.0
7128,108.0,928.0,4694.0
7129,108.0,928.0,4694.0
7130,108.0,928.0,4694.0
7131,108.0,928.0,4694.0
7132,108.0,928.0,4694.0
7133,109.0,936.0,4734.0
7134,107.0,920.0,4634.0
7135,107.0,920.0,4634.0
7136,108.0,928.0,4674.0
7137,107.0,920.0,4634.0
7138,107.0,920.0,4634.0
7139,107.0,920.0,4634.0
7140,107.0,920.0,4634.0
7141,107.0,920.0,4634.0
7142,107.0,920.0,4634.0
7143,107.0,920.0,4634.0
7144,107.0,920.0,4634.0
7145,107.0,920.0,4634.0
7146,107.0,920.0,4634.0
7147,107.0,920.0,4634.0
7148,107.0,920.0,4634.0
7149,107.0,920.0,4634.0
7150,107.0,920.0,4634.0
7151,107.0,920.0,4634.0
7152,107.0,920.0,4634.0
7153,107.0,920.0,4634.0
7154,107.0,920.0,4634.0
7155,107.0,920.0,4634.0
7156,107.0,920.0,4634.0
7157,107.0,920.0,4634.0
7158,107.0,920.0,4634.0
7159,107.0,920.0,4634.0
7160,108.0,928.0,4674.0
7161,107.0,920.0,4634.0
7162,107.0,920.0,4634.0
7163,107.0,920.0,4634.0
7164,107.0,920.0,4634.0
7165,107.0,920.0,4634.0
7166,107.0,920.0,4634.0
7167,107.0,920.0,4634.0
7168,107.0,920.0,4634.0
7169,107.0,920.0,4634.0
7170,107.0,920.0,4634.0
7171,107.0,920.0,4634.0
7172,107.0,920.0,4634.0
7173,107.0,920.0,4634.0
7174,107.0,920.0,4634.0
7175,107.0,920.0,4634.0
7176,107.0,920.0,4634.0
7177,107.0,920.0,4634.0
7178,107.0,920.0,4634.0
7179,107.0,920.0,4634.0
7180,107.0,920.0,4634.0
7181,107.0,920.0,4634.0
7182,107.0,920.0,4634.0
7183,107.0,920.0,4634.0
7184,108.0,928.0,4674.0
7185,107.0,920.0,4634.0
7186,107.0,920.0,4634.0
7187,107.0,920.0,4634.0
7188,107.0,920.0,4634.0
7189,107.0,920.0,4634.0
7190,107.0,920.0,4634.0
7191,106.0,912.0,4594.0
7192,106.0,912.0,4594.0
7193,106.0,912.0,4594.0
7194,106.0,912.0,4594.0
7195,106.0,912.0,4594.0
7196,106.0,912.0,4594.0
7197,106.0,912.0,4594.0
7198,106.0,912.0,4594.0
7199,106.0,912.0,4594.0
7200,106.0,912.0,4594.0
7201,106.0,912.0,4594.0
7202,106.0,912.0,4594.0
7203,106.0,912.0,4594.0
7204,108.0,928.0,4674.0
7205,108.0,928.0,4674.0
7206,108.0,928.0,4674.0
7207,109.0,936.0,4714.0
7208,108.0,928.0,4674.0
7209,108.0,928.0,4674.0
7210,108.0,928.0,4674.0
7211,108.0,928.0,4674.0
7212,108.0,928.0,4674.0
7213,108.0,928.0,4674.0
7214,108.0,928.0,4674.0
7215,108.0,928.0,4674.0
7216,108.0,928.0,4674.0
7217,108.0,928.0,4674.0
7218,108.0,928.0,4674.0
7219,108.0,928.0,4674.0
7220,108.0,928.0,4674.0
7221,108.0,928.0,4674.0
7222,108.0,928.0,4674.0
7223,108.0,928.0,4674.0
7224,108.0,928.0,4674.0
7225,109.0,936.0,4714.0
7226,110.0,952.0,4794.0
7227,110.0,952.0,4794.0
7228,109.0,936.0,4714.0
7229,109.0,936.0,4714.0
7230,109.0,936.0,4714.0
7231,109.0,936.0,4714.0
7232,110.0,944.0,4754.0
7233,109.0,936.0,4714.0
7234,109.0,936.0,4714.0
7235,109.0,936.0,4714.0
7236,109.0,936.0,4714.0
7237,109.0,936.0,4714.0
7238,109.0,936.0,4714.0
7239,109.0,936.0,4714.0
7240,109.0,936.0,4714.0
7241,109.0,936.0,4714.0
7242,109.0,936.0,4714.0
7243,109.0,936.0,4714.0
7244,112.0,960.0,4834.0
7245,112.0,960.0,4834.0
7246,110.0,944.0,4754.0
7247,111.0,952.0,4794.0
7248,111.0,952.0,4794.0
7249,111.0,952.0,4794.0
7250,111.0,952.0,4794.0
7251,111.0,952.0,4794.0
7252,111.0,952.0,4794.0
7253,112.0,960.0,4834.0
7254,111.0,952.0,4794.0
7255,112.0,960.0,4834.0
7256,111.0,952.0,4794.0
7257,111.0,952.0,4794.0
7258,111.0,952.0,4794.0
7259,111.0,952.0,4794.0
7260,111.0,952.0,4794.0
7261,111.0,952.0,4794.0
7262,110.0,944.0,4754.0
7263,110.0,944.0,4754.0
7264,110.0,944.0,4754.0
7265,110.0,944.0,4754.0
7266,110.0,944.0,4754.0
7267,110.0,944.0,4754.0
7268,110.0,944.0,4754.0
7269,110.0,944.0,4754.0
7270,110.0,944.0,4754.0
7271,110.0,944.0,4754.0
7272,110.0,944.0,4754.0
7273,110.0,944.0,4754.0
7274,110.0,944.0,4754.0
7275,110.0,944.0,4754.0
7276,110.0,944.0,4754.0
7277,110.0,944.0,4754.0
7278,110.0,944.0,4754.0
7279,111.0,952.0,4794.0
7280,110.0,944.0,4754.0
7281,110.0,944.0,4754.0
7282,110.0,944.0,4754.0
7283,110.0,944.0,4754.0
7284,110.0,944.0,4754.0
7285,110.0,944.0,4754.0
7286,110.0,944.0,4754.0
7287,110.0,944.0,4754.0
7288,110.0,944.0,4754.0
7289,110.0,944.0,4754.0
7290,110.0,944.0,4754.0
7291,111.0,952.0,4794.0
7292,111.0,952.0,4794.0
7293,111.0,952.0,4794.0
7294,112.0,960.0,4834.0
7295,111.0,952.0,4794.0
7296,110.0,944.0,4754.0
7297,110.0,944.0,4754.0
7298,110.0,944.0,4754.0
7299,111.0,952.0,4794.0
7300,111.0,952.0,4794.0
7301,109.0,936.0,4714.0
7302,109.0,936.0,4714.0
7303,109.0,936.0,4714.0
7304,110.0,944.0,4754.0
7305,109.0,936.0,4714.0
7306,109.0,936.0,4714.0
7307,109.0,936.0,4714.0
7308,109.0,936.0,4714.0
7309,109.0,936.0,4714.0
7310,109.0,936.0,4714.0
7311,109.0,936.0,4714.0
7312,109.0,936.0,4714.0
7313,109.0,936.0,4714.0
7314,109.0,936.0,4714.0
7315,109.0,936.0,4714.0
7316,109.0,936.0,4714.0
7317,109.0,936.0,4714.0
7318,109.0,936.0,4714.0
7319,110.0,944.0,4754.0
7320,110.0,944.0,4754.0
7321,109.0,936.0,4714.0
7322,108.0,928.0,4674.0
7323,108.0,928.0,4674.0
7324,108.0,928.0,4674.0
7325,108.0,928.0,4674.0
7326,109.0,936.0,4714.0
7327,108.0,928.0,4674.0
7328,108.0,928.0,4674.0
7329,105.0,904.0,4554.0
7330,105.0,904.0,4554.0
7331,105.0,904.0,4554.0
7332,105.0,904.0,4554.0
7333,105.0,904.0,4554.0
7334,105.0,904.0,4554.0
7335,105.0,904.0,4554.0
7336,105.0,904.0,4554.0
7337,105.0,904.0,4554.0
7338,105.0,904.0,4554.0
7339,105.0,904.0,4554.0
7340,105.0,904.0,4554.0
7341,105.0,904.0,4554.0
7342,105.0,904.0,4554.0
7343,105.0,904.0,4554.0
7344,105.0,904.0,4554.0
7345,105.0,904.0,4554.0
7346,106.0,912.0,4594.0
7347,107.0,920.0,4634.0
7348,106.0,912.0,4594.0
7349,107.0,920.0,4634.0
7350,106.0,912.0,4594.0
7351,107.0,920.0,4634.0
7352,105.0,904.0,4554.0
7353,105.0,904.0,4554.0
7354,105.0,904.0,4554.0
7355,105.0,904.0,4554.0
7356,105.0,904.0,4554.0
7357,105.0,904.0,4554.0
7358,105.0,904.0,4554.0
7359,105.0,904.0,4554.0
7360,105.0,904.0,4554.0
7361,105.0,904.0,4554.0
7362,105.0,904.0,4554.0
7363,105.0,904.0,4554.0
7364,105.0,904.0,4554.0
7365,105.0,904.0,4554.0
7366,104.0,896.0,4514.0
7367,104.0,896.0,4514.0
7368,105.0,904.0,4554.0
7369,104.0,896.0,4514.0
7370,104.0,896.0,4514.0
7371,104.0,896.0,4514.0
7372,104.0,896.0,4514.0
7373,104.0,896.0,4514.0
7374,104.0,896.0,4514.0
7375,105.0,904.0,4554.0
7376,105.0,904.0,4554.0
7377,106.0,912.0,4594.0
7378,104.0,896.0,4514.0
7379,104.0,896.0,4514.0
7380,104.0,896.0,4514.0
7381,104.0,896.0,4514.0
7382,104.0,896.0,4514.0
7383,104.0,896.0,4514.0
7384,104.0,896.0,4514.0
7385,104.0,896.0,4514.0
7386,104.0,896.0,4514.0
7387,104.0,896.0,4514.0
7388,104.0,896.0,4514.0
7389,104.0,896.0,4514.0
7390,104.0,896.0,4514.0
7391,183.0,1528.0,7674.0
7392,183.0,1528.0,7674.0
7393,191.0,1596.0,8066.0
7394,189.0,1580.0,7986.0
7395,184.0,1540.0,7786.0
7396,182.0,1516.0,7546.0
7397,182.0,1516.0,7546.0
7398,219.0,1812.0,9026.0
7399,199.0,1652.0,8226.0
7400,198.0,1644.0,8186.0
7401,198.0,1644.0,8186.0
7402,103.0,884.0,4386.0
7403,151.0,1268.0,6306.0
7404,153.0,1288.0,6466.0
7405,153.0,1288.0,6466.0
7406,152.0,1280.0,6426.0
7407,151.0,1268.0,6306.0
7408,150.0,1260.0,6266.0
7409,149.0,1252.0,6226.0
7410,150.0,1264.0,6346.0
7411,150.0,1264.0,6346.0
7412,150.0,1264.0,6346.0
7413,149.0,1252.0,6226.0
7414,149.0,1252.0,6226.0
7415,149.0,1252.0,6226.0
7416,149.0,1252.0,6226.0
7417,151.0,1268.0,6306.0
7418,142.0,1196.0,5946.0
7419,142.0,1196.0,5946.0
7420,137.0,1156.0,5746.0
7421,137.0,1156.0,5746.0
7422,132.0,1116.0,5546.0
7423,133.0,1124.0,5586.0
7424,135.0,1140.0,5666.0
7425,130.0,1100.0,5466.0
7426,135.0,1140.0,5666.0
7427,130.0,1100.0,5466.0
7428,131.0,1108.0,5506.0
7429,126.0,1068.0,5306.0
7430,126.0,1068.0,5306.0
7431,121.0,1028.0,5106.0
7432,121.0,1028.0,5106.0
7433,117.0,996.0,4946.0
7434,120.0,1020.0,5066.0
7435,115.0,980.0,4866.0
7436,119.0,1012.0,5026.0
7437,114.0,972.0,4826.0
7438,114.0,972.0,4826.0
7439,111.0,948.0,4706.0
7440,112.0,956.0,4746.0
7441,107.0,916.0,4546.0
7442,107.0,916.0,4546.0
7443,102.0,876.0,4346.0
7444,102.0,876.0,4346.0
7445,106.0,908.0,4506.0
7446,102.0,876.0,4346.0
7447,101.0,868.0,4306.0
7448,101.0,868.0,4306.0
7449,101.0,868.0,4306.0
7450,101.0,868.0,4306.0
7451,101.0,868.0,4306.0
7452,101.0,868.0,4306.0
7453,101.0,868.0,4306.0
7454,101.0,868.0,4306.0
7455,101.0,868.0,4306.0
7456,101.0,868.0,4306.0
7457,101.0,868.0,4306.0
7458,101.0,868.0,4306.0
7459,101.0,868.0,4306.0
7460,101.0,868.0,4306.0
7461,101.0,868.0,4306.0
7462,101.0,868.0,4306.0
7463,101.0,868.0,4306.0
7464,101.0,868.0,4306.0
7465,101.0,868.0,4306.0
7466,101.0,868.0,4306.0
7467,101.0,868.0,4306.0
7468,101.0,868.0,4306.0
7469,101.0,868.0,4306.0
7470,101.0,868.0,4306.0
7471,101.0,868.0,4306.0
7472,101.0,868.0,4306.0
7473,101.0,868.0,4306.0
7474,103.0,884.0,4386.0
7475,102.0,876.0,4346.0
7476,102.0,876.0,4346.0
7477,102.0,876.0,4346.0
7478,102.0,876.0,4346.0
7479,102.0,876.0,4346.0
7480,101.0,868.0,4306.0
7481,101.0,868.0,4306.0
7482,101.0,868.0,4306.0
7483,101.0,868.0,4306.0
7484,101.0,868.0,4306.0
7485,101.0,868.0,4306.0
7486,101.0,868.0,4306.0
7487,101.0,868.0,4306.0
7488,101.0,868.0,4306.0
7489,101.0,868.0,4306.0
7490,101.0,868.0,4306.0
7491,101.0,868.0,4306.0
7492,101.0,868.0,4306.0
7493,102.0,876.0,4346.0
7494,102.0,876.0,4346.0
7495,103.0,884.0,4386.0
7496,103.0,884.0,4386.0
7497,102.0,876.0,4346.0
7498,102.0,876.0,4346.0
7499,102.0,876.0,4346.0
7500,102.0,876.0,4346.0
7501,102.0,876.0,4346.0
7502,102.0,876.0,4346.0
7503,102.0,876.0,4346.0
7504,102.0,876.0,4346.0
7505,102.0,876.0,4346.0
7506,102.0,876.0,4346.0
7507,102.0,876.0,4346.0
7508,102.0,876.0,4346.0
7509,102.0,876.0,4346.0
7510,102.0,876.0,4346.0
7511,102.0,876.0,4346.0
7512,102.0,876.0,4346.0
7513,102.0,876.0,4346.0
7514,102.0,876.0,4346.0
7515,102.0,876.0,4346.0
7516,102.0,876.0,4346.0
7517,102.0,876.0,4346.0
7518,103.0,884.0,4386.0
7519,103.0,884.0,4386.0
7520,103.0,884.0,4386.0
7521,103.0,884.0,4386.0
7522,102.0,876.0,4346.0
7523,102.0,876.0,4346.0
7524,102.0,876.0,4346.0
7525,102.0,876.0,4346.0
7526,104.0,900.0,4466.0
7527,104.0,900.0,4466.0
7528,102.0,876.0,4346.0
7529,102.0,876.0,4346.0
7530,102.0,876.0,4346.0
7531,102.0,876.0,4346.0
7532,102.0,876.0,4346.0
7533,102.0,876.0,4346.0
7534,102.0,876.0,4346.0
7535,102.0,876.0,4346.0
7536,102.0,876.0,4346.0
7537,102.0,876.0,4346.0
7538,102.0,876.0,4346.0
7539,102.0,876.0,4346.0
7540,102.0,876.0,4346.0
7541,102.0,876.0,4346.0
7542,103.0,884.0,4386.0
7543,103.0,884.0,4386.0
7544,103.0,884.0,4386.0
7545,103.0,884.0,4386.0
7546,100.0,860.0,4266.0
7547,100.0,860.0,4266.0
7548,100.0,860.0,4266.0
7549,100.0,860.0,4266.0
7550,100.0,860.0,4266.0
7551,100.0,860.0,4266.0
7552,100.0,860.0,4266.0
7553,100.0,860.0,4266.0
7554,100.0,860.0,4266.0
7555,100.0,860.0,4266.0
7556,100.0,860.0,4266.0
7557,100.0,860.0,4266.0
7558,100.0,860.0,4266.0
7559,100.0,860.0,4266.0
7560,100.0,860.0,4266.0
7561,100.0,860.0,4266.0
7562,100.0,860.0,4266.0
7563,100.0,860.0,4266.0
7564,100.0,860.0,4266.0
7565,101.0,868.0,4306.0
7566,102.0,876.0,4346.0
7567,101.0,868.0,4306.0
7568,101.0,868.0,4306.0
7569,100.0,860.0,4266.0
7570,100.0,860.0,4266.0
7571,100.0,860.0,4266.0
7572,101.0,872.0,4386.0
7573,100.0,860.0,4266.0
7574,100.0,860.0,4266.0
7575,100.0,860.0,4266.0
7576,100.0,860.0,4266.0
7577,100.0,860.0,4266.0
7578,100.0,860.0,4266.0
7579,100.0,860.0,4266.0
7580,100.0,860.0,4266.0
7581,100.0,860.0,4266.0
7582,100.0,860.0,4266.0
7583,100.0,860.0,4266.0
7584,100.0,860.0,4266.0
7585,100.0,860.0,4266.0
7586,100.0,860.0,4266.0
7587,100.0,860.0,4266.0
7588,100.0,860.0,4266.0
7589,100.0,860.0,4266.0
7590,100.0,860.0,4266.0
7591,100.0,860.0,4266.0
7592,101.0,868.0,4306.0
7593,100.0,860.0,4266.0
7594,100.0,860.0,4266.0
7595,100.0,860.0,4266.0
7596,100.0,860.0,4266.0
7597,100.0,860.0,4266.0
7598,99.0,852.0,4226.0
7599,99.0,852.0,4226.0
7600,99.0,852.0,4226.0
7601,99.0,852.0,4226.0
7602,99.0,852.0,4226.0
7603,99.0,852.0,4226.0
7604,99.0,852.0,4226.0
7605,99.0,852.0,4226.0
7606,99.0,852.0,4226.0
7607,99.0,852.0,4226.0
7608,99.0,852.0,4226.0
7609,99.0,852.0,4226.0
7610,99.0,852.0,4226.0
7611,99.0,852.0,4226.0
7612,99.0,852.0,4226.0
7613,99.0,852.0,4226.0
7614,101.0,868.0,4306.0
7615,100.0,860.0,4266.0
7616,99.0,852.0,4226.0
7617,99.0,852.0,4226.0
7618,99.0,852.0,4226.0
7619,99.0,852.0,4226.0
7620,99.0,852.0,4226.0
7621,99.0,852.0,4226.0
7622,101.0,876.0,4346.0
7623,101.0,876.0,4346.0
7624,99.0,852.0,4226.0
7625,99.0,852.0,4226.0
7626,99.0,852.0,4226.0
7627,99.0,852.0,4226.0
7628,99.0,852.0,4226.0
7629,99.0,852.0,4226.0
7630,99.0,852.0,4226.0
7631,99.0,852.0,4226.0
7632,99.0,852.0,4226.0
7633,99.0,852.0,4226.0
7634,99.0,852.0,4226.0
7635,99.0,852.0,4226.0
7636,99.0,852.0,4226.0
7637,99.0,852.0,4226.0
7638,100.0,860.0,4266.0
7639,100.0,860.0,4266.0
7640,100.0,860.0,4266.0
7641,100.0,860.0,4266.0
7642,100.0,860.0,4266.0
7643,100.0,860.0,4266.0
7644,100.0,860.0,4266.0
7645,100.0,860.0,4266.0
7646,101.0,868.0,4306.0
7647,102.0,876.0,4346.0
7648,100.0,852.0,4226.0
7649,100.0,852.0,4226.0
7650,100.0,852.0,4226.0
7651,100.0,852.0,4226.0
7652,100.0,852.0,4226.0
7653,100.0,852.0,4226.0
7654,100.0,852.0,4226.0
7655,100.0,852.0,4226.0
7656,101.0,860.0,4266.0
7657,101.0,860.0,4266.0
7658,101.0,860.0,4266.0
7659,101.0,860.0,4266.0
7660,100.0,852.0,4226.0
7661,100.0,852.0,4226.0
7662,99.0,844.0,4186.0
7663,99.0,844.0,4186.0
7664,99.0,844.0,4186.0
7665,99.0,844.0,4186.0
7666,99.0,844.0,4186.0
7667,99.0,844.0,4186.0
7668,99.0,844.0,4186.0
7669,99.0,844.0,4186.0
7670,99.0,844.0,4186.0
7671,99.0,844.0,4186.0
7672,99.0,844.0,4186.0
7673,99.0,844.0,4186.0
7674,99.0,844.0,4186.0
7675,99.0,844.0,4186.0
7676,99.0,844.0,4186.0
7677,99.0,844.0,4186.0
7678,99.0,844.0,4186.0
7679,100.0,852.0,4202.0
7680,112.0,948.0,4682.0
7681,112.0,948.0,4682.0
7682,113.0,956.0,4698.0
7683,111.0,940.0,4642.0
7684,110.0,924.0,4562.0
7685,110.0,924.0,4562.0
7686,110.0,924.0,4562.0
7687,110.0,924.0,4562.0
7688,110.0,924.0,4562.0
7689,111.0,932.0,4578.0
7690,110.0,924.0,4562.0
7691,113.0,948.0,4682.0
7692,113.0,948.0,4682.0
7693,110.0,924.0,4562.0
7694,110.0,924.0,4562.0
7695,110.0,924.0,4562.0
7696,110.0,924.0,4562.0
7697,109.0,916.0,4546.0
7698,109.0,916.0,4546.0
7699,118.0,996.0,5058.0
7700,118.0,996.0,5058.0
7701,119.0,1004.0,5074.0
7702,119.0,1004.0,5074.0
7703,119.0,1004.0,5074.0
7704,119.0,1004.0,5074.0
7705,120.0,1016.0,5194.0
7706,120.0,1016.0,5194.0
7707,121.0,1024.0,5234.0
7708,119.0,1004.0,5074.0
7709,119.0,1004.0,5074.0
7710,120.0,1012.0,5106.0
7711,119.0,1004.0,5074.0
7712,119.0,1004.0,5074.0
7713,92.0,788.0,3994.0
7714,93.0,796.0,4034.0
7715,91.0,780.0,3954.0
7716,86.0,740.0,3762.0
7717,86.0,740.0,3762.0
7718,84.0,716.0,3522.0
7719,84.0,716.0,3522.0
7720,84.0,716.0,3522.0
7721,84.0,716.0,3522.0
7722,84.0,716.0,3522.0
7723,84.0,716.0,3522.0
7724,85.0,724.0,3554.0
7725,85.0,728.0,3642.0
7726,84.0,720.0,3626.0
7727,81.0,696.0,3506.0
7728,81.0,696.0,3498.0
7729,79.0,680.0,3426.0
7730,79.0,680.0,3426.0
7731,79.0,680.0,3426.0
7732,80.0,688.0,3466.0
7733,79.0,680.0,3426.0
7734,79.0,680.0,3426.0
7735,80.0,688.0,3458.0
7736,79.0,680.0,3426.0
7737,79.0,680.0,3426.0
7738,80.0,688.0,3458.0
7739,79.0,680.0,3426.0
7740,79.0,680.0,3426.0
7741,77.0,664.0,3346.0
7742,76.0,656.0,3306.0
7743,75.0,648.0,3274.0
7744,75.0,648.0,3274.0
7745,75.0,648.0,3274.0
7746,75.0,648.0,3274.0
7747,75.0,648.0,3274.0
7748,79.0,684.0,3466.0
7749,78.0,676.0,3450.0
7750,74.0,644.0,3314.0
7751,74.0,644.0,3314.0
7752,74.0,644.0,3314.0
7753,74.0,644.0,3314.0
7754,74.0,644.0,3314.0
7755,74.0,644.0,3314.0
7756,74.0,644.0,3314.0
7757,75.0,652.0,3354.0
7758,74.0,644.0,3314.0
7759,77.0,672.0,3490.0
7760,77.0,672.0,3490.0
7761,74.0,648.0,3418.0
7762,74.0,648.0,3418.0
7763,72.0,624.0,3178.0
7764,72.0,624.0,3178.0
7765,72.0,624.0,3178.0
7766,72.0,624.0,3178.0
7767,72.0,624.0,3178.0
7768,72.0,624.0,3178.0
7769,72.0,624.0,3178.0
7770,71.0,616.0,3138.0
7771,71.0,616.0,3138.0
7772,71.0,616.0,3138.0
7773,71.0,616.0,3138.0
7774,71.0,616.0,3138.0
7775,71.0,616.0,3138.0
7776,71.0,616.0,3138.0
7777,71.0,616.0,3138.0
7778,71.0,616.0,3138.0
7779,71.0,616.0,3138.0
7780,75.0,664.0,3378.0
7781,78.0,680.0,3458.0
7782,75.0,648.0,3298.0
7783,74.0,640.0,3258.0
7784,70.0,608.0,3098.0
7785,70.0,608.0,3098.0
7786,70.0,608.0,3098.0
7787,70.0,608.0,3098.0
7788,70.0,608.0,3098.0
7789,70.0,608.0,3098.0
7790,70.0,608.0,3098.0
7791,70.0,608.0,3098.0
7792,70.0,608.0,3098.0
7793,70.0,608.0,3098.0
7794,70.0,608.0,3098.0
7795,70.0,608.0,3098.0
7796,70.0,608.0,3098.0
7797,70.0,608.0,3098.0
7798,71.0,616.0,3138.0
7799,72.0,624.0,3178.0
7800,69.0,592.0,3018.0
7801,70.0,600.0,3058.0
7802,70.0,600.0,3058.0
7803,70.0,600.0,3058.0
7804,71.0,608.0,3098.0
7805,70.0,600.0,3058.0
7806,70.0,600.0,3058.0
7807,70.0,600.0,3058.0
7808,70.0,600.0,3058.0
7809,70.0,600.0,3058.0
7810,70.0,600.0,3058.0
7811,70.0,600.0,3058.0
7812,70.0,600.0,3058.0
7813,70.0,600.0,3058.0
7814,70.0,600.0,3058.0
7815,70.0,600.0,3058.0
7816,70.0,600.0,3058.0
7817,74.0,640.0,3258.0
7818,71.0,616.0,3138.0
7819,70.0,608.0,3098.0
7820,70.0,608.0,3098.0
7821,70.0,608.0,3098.0
7822,70.0,608.0,3098.0
7823,71.0,616.0,3138.0
7824,71.0,616.0,3138.0
7825,71.0,616.0,3138.0
7826,71.0,616.0,3138.0
7827,71.0,616.0,3138.0
7828,72.0,624.0,3178.0
7829,71.0,616.0,3138.0
7830,71.0,616.0,3138.0
7831,71.0,616.0,3138.0
7832,71.0,616.0,3138.0
7833,71.0,616.0,3138.0
7834,71.0,616.0,3138.0
7835,71.0,616.0,3138.0
7836,71.0,616.0,3138.0
7837,71.0,616.0,3138.0
7838,71.0,616.0,3138.0
7839,71.0,616.0,3138.0
7840,71.0,616.0,3138.0
7841,71.0,616.0,3138.0
7842,71.0,616.0,3138.0
7843,71.0,616.0,3138.0
7844,71.0,616.0,3138.0
7845,71.0,616.0,3138.0
7846,71.0,616.0,3138.0
7847,72.0,624.0,3178.0
7848,72.0,624.0,3178.0
7849,72.0,624.0,3178.0
7850,72.0,624.0,3178.0
7851,73.0,632.0,3218.0
7852,73.0,632.0,3218.0
7853,71.0,616.0,3138.0
7854,71.0,616.0,3138.0
7855,71.0,616.0,3138.0
7856,71.0,616.0,3138.0
7857,71.0,616.0,3138.0
7858,71.0,616.0,3138.0
7859,71.0,616.0,3138.0
7860,71.0,616.0,3138.0
7861,71.0,616.0,3138.0
7862,71.0,616.0,3138.0
7863,71.0,616.0,3138.0
7864,71.0,616.0,3138.0
7865,71.0,616.0,3138.0
7866,72.0,624.0,3170.0
7867,72.0,624.0,3170.0
7868,72.0,624.0,3170.0
7869,72.0,624.0,3170.0
7870,73.0,632.0,3202.0
7871,72.0,624.0,3170.0
7872,76.0,664.0,3370.0
7873,74.0,648.0,3290.0
7874,72.0,624.0,3178.0
7875,71.0,616.0,3138.0
7876,70.0,608.0,3098.0
7877,70.0,608.0,3098.0
7878,70.0,608.0,3098.0
7879,70.0,608.0,3098.0
7880,72.0,624.0,3178.0
7881,71.0,616.0,3138.0
7882,71.0,616.0,3138.0
7883,71.0,616.0,3138.0
7884,71.0,616.0,3138.0
7885,70.0,608.0,3098.0
7886,70.0,608.0,3098.0
7887,70.0,608.0,3098.0
7888,70.0,608.0,3098.0
7889,70.0,608.0,3098.0
7890,70.0,608.0,3098.0
7891,71.0,616.0,3138.0
7892,70.0,600.0,3058.0
7893,69.0,592.0,3018.0
7894,68.0,584.0,2978.0
7895,68.0,584.0,2978.0
7896,69.0,592.0,3018.0
7897,69.0,592.0,3018.0
7898,70.0,600.0,3058.0
7899,68.0,584.0,2978.0
7900,69.0,592.0,3018.0
7901,68.0,584.0,2978.0
7902,68.0,584.0,2978.0
7903,68.0,584.0,2978.0
7904,68.0,584.0,2978.0
7905,68.0,584.0,2978.0
7906,68.0,584.0,2978.0
7907,68.0,584.0,2978.0
7908,68.0,584.0,2978.0
7909,69.0,592.0,3010.0
7910,69.0,592.0,3010.0
7911,68.0,584.0,2994.0
7912,69.0,592.0,3026.0
7913,68.0,584.0,2994.0
7914,68.0,584.0,2994.0
7915,68.0,584.0,2994.0
7916,67.0,576.0,2962.0
7917,67.0,576.0,2962.0
7918,67.0,576.0,2962.0
7919,68.0,584.0,3002.0
7920,68.0,584.0,3002.0
7921,68.0,584.0,3002.0
7922,68.0,584.0,2994.0
7923,68.0,584.0,2994.0
7924,68.0,584.0,2994.0
7925,69.0,592.0,3026.0
7926,68.0,584.0,2994.0
7927,68.0,584.0,2994.0
7928,66.0,568.0,2930.0
7929,65.0,560.0,2898.0
7930,66.0,568.0,2948.0
7931,62.0,536.0,2788.0
7932,59.0,512.0,2666.0
7933,59.0,512.0,2666.0
7934,59.0,512.0,2666.0
7935,59.0,512.0,2666.0
7936,59.0,512.0,2666.0
7937,59.0,512.0,2666.0
7938,59.0,512.0,2666.0
7939,59.0,512.0,2666.0
7940,59.0,512.0,2666.0
7941,59.0,512.0,2666.0
7942,60.0,520.0,2706.0
7943,60.0,520.0,2706.0
7944,59.0,512.0,2666.0
7945,59.0,512.0,2666.0
7946,59.0,512.0,2666.0
7947,58.0,504.0,2626.0
7948,58.0,504.0,2626.0
7949,58.0,504.0,2626.0
7950,58.0,504.0,2626.0
7951,58.0,504.0,2626.0
7952,61.0,532.0,2802.0
7953,61.0,532.0,2802.0
7954,61.0,532.0,2810.0
7955,61.0,532.0,2810.0
7956,60.0,520.0,2690.0
7957,60.0,520.0,2690.0
7958,61.0,528.0,2722.0
7959,61.0,528.0,2722.0
7960,61.0,528.0,2722.0
7961,61.0,528.0,2722.0
7962,60.0,520.0,2690.0
7963,61.0,528.0,2730.0
7964,63.0,548.0,2874.0
7965,62.0,540.0,2842.0
7966,61.0,528.0,2722.0
7967,61.0,528.0,2722.0
7968,61.0,528.0,2730.0
7969,62.0,536.0,2762.0
7970,62.0,536.0,2762.0
7971,61.0,528.0,2722.0
7972,61.0,528.0,2722.0
7973,60.0,520.0,2690.0
7974,60.0,520.0,2690.0
7975,65.0,564.0,2930.0
7976,66.0,572.0,2962.0
7977,62.0,540.0,2842.0
7978,62.0,540.0,2842.0
7979,62.0,540.0,2842.0
7980,62.0,540.0,2842.0
7981,62.0,540.0,2842.0
7982,62.0,540.0,2842.0
7983,62.0,540.0,2842.0
7984,62.0,540.0,2842.0
7985,62.0,540.0,2842.0
7986,62.0,540.0,2842.0
7987,67.0,588.0,3170.0
7988,65.0,572.0,3098.0
7989,62.0,540.0,2842.0
7990,62.0,540.0,2850.0
7991,61.0,532.0,2810.0
7992,62.0,540.0,2842.0
7993,61.0,532.0,2802.0
7994,61.0,532.0,2802.0
7995,61.0,532.0,2802.0
7996,60.0,524.0,2770.0
7997,61.0,532.0,2802.0
7998,63.0,552.0,2962.0
7999,61.0,536.0,2890.0
8000,60.0,524.0,2770.0
8001,59.0,516.0,2738.0
8002,59.0,516.0,2738.0
8003,59.0,516.0,2738.0
8004,59.0,516.0,2738.0
8005,59.0,516.0,2738.0
8006,59.0,516.0,2738.0
8007,59.0,516.0,2738.0
8008,59.0,516.0,2738.0
8009,61.0,536.0,2898.0
8010,61.0,536.0,2898.0
8011,60.0,528.0,2858.0
8012,58.0,504.0,2618.0
8013,58.0,504.0,2618.0
8014,58.0,504.0,2618.0
8015,58.0,504.0,2618.0
8016,58.0,504.0,2618.0
8017,59.0,512.0,2658.0
8018,58.0,504.0,2618.0
8019,59.0,512.0,2650.0
8020,59.0,512.0,2650.0
8021,59.0,512.0,2650.0
8022,58.0,504.0,2610.0
8023,56.0,484.0,2458.0
8024,56.0,484.0,2458.0
8025,57.0,492.0,2490.0
8026,57.0,492.0,2490.0
8027,57.0,492.0,2490.0
8028,57.0,492.0,2490.0
8029,56.0,484.0,2458.0
8030,57.0,492.0,2490.0
8031,57.0,492.0,2490.0
8032,57.0,492.0,2490.0
8033,57.0,492.0,2490.0
8034,56.0,484.0,2458.0
8035,57.0,492.0,2490.0
8036,57.0,492.0,2490.0
8037,57.0,492.0,2490.0
8038,57.0,492.0,2490.0
8039,57.0,492.0,2490.0
8040,57.0,492.0,2490.0
8041,58.0,500.0,2530.0
8042,57.0,492.0,2490.0
8043,57.0,492.0,2490.0
8044,57.0,492.0,2490.0
8045,57.0,492.0,2490.0
8046,57.0,492.0,2490.0
8047,57.0,492.0,2490.0
8048,57.0,492.0,2490.0
8049,57.0,492.0,2490.0
8050,56.0,484.0,2458.0
8051,57.0,492.0,2490.0
8052,57.0,492.0,2490.0
8053,57.0,492.0,2490.0
8054,57.0,492.0,2490.0
8055,57.0,492.0,2490.0
8056,57.0,492.0,2490.0
8057,57.0,492.0,2490.0
8058,56.0,484.0,2450.0
8059,56.0,484.0,2450.0
8060,56.0,484.0,2450.0
8061,56.0,484.0,2450.0
8062,56.0,484.0,2450.0
8063,56.0,484.0,2450.0
8064,56.0,484.0,2450.0
8065,58.0,500.0,2522.0
8066,56.0,484.0,2450.0
8067,56.0,484.0,2450.0
8068,56.0,484.0,2450.0
8069,55.0,476.0,2418.0
8070,55.0,476.0,2418.0
8071,55.0,476.0,2418.0
8072,56.0,484.0,2450.0
8073,56.0,484.0,2450.0
8074,56.0,484.0,2450.0
8075,56.0,484.0,2450.0
8076,56.0,484.0,2450.0
8077,57.0,492.0,2490.0
8078,57.0,492.0,2490.0
8079,58.0,500.0,2522.0
8080,57.0,492.0,2490.0
8081,57.0,492.0,2490.0
8082,57.0,492.0,2490.0
8083,56.0,484.0,2458.0
8084,56.0,484.0,2458.0
8085,56.0,484.0,2458.0
8086,56.0,484.0,2458.0
8087,56.0,484.0,2458.0
8088,56.0,484.0,2458.0
8089,56.0,484.0,2458.0
8090,56.0,484.0,2458.0
8091,56.0,484.0,2458.0
8092,56.0,484.0,2458.0
8093,56.0,484.0,2458.0
8094,57.0,492.0,2498.0
8095,56.0,484.0,2458.0
8096,56.0,484.0,2458.0
8097,56.0,484.0,2458.0
8098,56.0,484.0,2458.0
8099,56.0,484.0,2458.0
8100,56.0,484.0,2458.0
8101,56.0,484.0,2458.0
8102,56.0,484.0,2458.0
8103,56.0,484.0,2458.0
8104,56.0,484.0,2458.0
8105,56.0,484.0,2458.0
8106,56.0,484.0,2458.0
8107,56.0,484.0,2458.0
8108,56.0,484.0,2458.0
8109,56.0,484.0,2458.0
8110,57.0,492.0,2498.0
8111,56.0,484.0,2458.0
8112,56.0,484.0,2458.0
8113,56.0,484.0,2458.0
8114,56.0,484.0,2458.0
8115,56.0,484.0,2458.0
8116,56.0,484.0,2458.0
8117,56.0,484.0,2458.0
8118,56.0,484.0,2458.0
8119,56.0,484.0,2458.0
8120,56.0,484.0,2458.0
8121,56.0,484.0,2458.0
8122,56.0,484.0,2458.0
8123,56.0,484.0,2458.0
8124,56.0,484.0,2458.0
8125,56.0,484.0,2458.0
8126,56.0,484.0,2458.0
8127,56.0,484.0,2458.0
8128,56.0,484.0,2458.0
8129,56.0,484.0,2458.0
8130,56.0,484.0,2458.0
8131,56.0,484.0,2458.0
8132,57.0,492.0,2498.0
8133,58.0,500.0,2538.0
8134,57.0,492.0,2498.0
8135,57.0,492.0,2498.0
8136,57.0,492.0,2498.0
8137,57.0,492.0,2498.0
8138,57.0,492.0,2498.0
8139,57.0,492.0,2498.0
8140,57.0,492.0,2498.0
8141,58.0,500.0,2530.0
8142,58.0,500.0,2530.0
8143,58.0,500.0,2530.0
8144,58.0,500.0,2530.0
8145,58.0,500.0,2530.0
8146,58.0,500.0,2530.0
8147,58.0,500.0,2530.0
8148,58.0,500.0,2530.0
8149,58.0,500.0,2530.0
8150,58.0,500.0,2530.0
8151,58.0,500.0,2530.0
8152,58.0,500.0,2530.0
8153,58.0,500.0,2530.0
8154,58.0,500.0,2530.0
8155,58.0,500.0,2530.0
8156,58.0,500.0,2530.0
8157,58.0,500.0,2530.0
8158,58.0,500.0,2530.0
8159,60.0,516.0,2602.0
8160,58.0,500.0,2530.0
8161,58.0,500.0,2530.0
8162,58.0,500.0,2530.0
8163,58.0,500.0,2530.0
8164,58.0,500.0,2530.0
8165,58.0,500.0,2530.0
8166,58.0,500.0,2530.0
8167,58.0,500.0,2530.0
8168,58.0,500.0,2530.0
8169,58.0,500.0,2530.0
8170,59.0,508.0,2570.0
8171,59.0,508.0,2570.0
8172,60.0,516.0,2610.0
8173,60.0,516.0,2602.0
8174,59.0,508.0,2570.0
8175,58.0,500.0,2530.0
8176,58.0,500.0,2530.0
8177,58.0,500.0,2530.0
8178,58.0,500.0,2530.0
8179,58.0,500.0,2530.0
8180,58.0,500.0,2530.0
8181,58.0,500.0,2530.0
8182,58.0,500.0,2530.0
8183,59.0,508.0,2570.0
8184,58.0,500.0,2530.0
8185,58.0,500.0,2530.0
8186,58.0,500.0,2530.0
8187,59.0,508.0,2562.0
8188,58.0,500.0,2530.0
8189,58.0,500.0,2530.0
8190,58.0,500.0,2530.0
8191,58.0,500.0,2530.0
8192,58.0,500.0,2530.0
8193,58.0,500.0,2530.0
8194,59.0,508.0,2562.0
8195,58.0,500.0,2530.0
8196,58.0,500.0,2530.0
8197,58.0,500.0,2530.0
8198,58.0,500.0,2530.0
8199,58.0,500.0,2530.0
8200,58.0,500.0,2530.0
8201,59.0,508.0,2562.0
8202,58.0,500.0,2530.0
8203,58.0,500.0,2530.0
8204,58.0,500.0,2530.0
8205,58.0,500.0,2530.0
8206,58.0,500.0,2530.0
8207,58.0,500.0,2530.0
8208,59.0,508.0,2562.0
8209,59.0,508.0,2570.0
8210,58.0,500.0,2530.0
8211,58.0,500.0,2530.0
8212,58.0,500.0,2530.0
8213,58.0,500.0,2530.0
8214,58.0,500.0,2530.0
8215,58.0,500.0,2530.0
8216,58.0,500.0,2538.0
8217,57.0,492.0,2498.0
8218,57.0,492.0,2498.0
8219,57.0,492.0,2498.0
8220,57.0,492.0,2498.0
8221,57.0,492.0,2498.0
8222,57.0,492.0,2498.0
8223,57.0,492.0,2498.0
8224,57.0,492.0,2498.0
8225,57.0,492.0,2498.0
8226,57.0,492.0,2498.0
8227,57.0,492.0,2498.0
8228,57.0,492.0,2498.0
8229,57.0,492.0,2498.0
8230,58.0,500.0,2538.0
8231,57.0,492.0,2498.0
8232,57.0,492.0,2498.0
8233,57.0,492.0,2498.0
8234,57.0,492.0,2498.0
8235,57.0,492.0,2498.0
8236,57.0,492.0,2498.0
8237,57.0,492.0,2498.0
8238,57.0,492.0,2498.0
8239,57.0,492.0,2498.0
8240,57.0,492.0,2498.0
8241,57.0,492.0,2498.0
8242,57.0,492.0,2498.0
8243,57.0,492.0,2498.0
8244,57.0,492.0,2498.0
8245,57.0,492.0,2498.0
8246,57.0,492.0,2498.0
8247,57.0,492.0,2498.0
8248,57.0,492.0,2498.0
8249,58.0,500.0,2538.0
8250,57.0,492.0,2498.0
8251,57.0,492.0,2498.0
8252,57.0,492.0,2498.0
8253,57.0,492.0,2498.0
8254,57.0,492.0,2498.0
8255,57.0,492.0,2498.0
8256,58.0,500.0,2538.0
8257,57.0,492.0,2498.0
8258,57.0,492.0,2498.0
8259,57.0,492.0,2498.0
8260,57.0,492.0,2498.0
8261,57.0,492.0,2498.0
8262,58.0,500.0,2530.0
8263,58.0,500.0,2530.0
8264,58.0,500.0,2530.0
8265,58.0,500.0,2530.0
8266,58.0,500.0,2530.0
8267,57.0,492.0,2498.0
8268,57.0,492.0,2498.0
8269,59.0,508.0,2570.0
8270,58.0,500.0,2530.0
8271,58.0,500.0,2530.0
8272,58.0,500.0,2530.0
8273,59.0,508.0,2562.0
8274,58.0,500.0,2530.0
8275,57.0,492.0,2490.0
8276,57.0,492.0,2490.0
8277,57.0,492.0,2490.0
8278,57.0,492.0,2490.0
8279,57.0,492.0,2490.0
8280,58.0,500.0,2522.0
8281,57.0,492.0,2490.0
8282,57.0,492.0,2490.0
8283,57.0,492.0,2490.0
8284,56.0,484.0,2458.0
8285,56.0,484.0,2458.0
8286,58.0,500.0,2538.0
8287,58.0,500.0,2530.0
8288,56.0,484.0,2450.0
8289,56.0,484.0,2450.0
8290,56.0,484.0,2450.0
8291,57.0,492.0,2490.0
8292,55.0,476.0,2418.0
8293,56.0,484.0,2458.0
8294,55.0,476.0,2418.0
8295,55.0,476.0,2418.0
8296,55.0,476.0,2418.0
8297,55.0,476.0,2418.0
8298,55.0,476.0,2418.0
8299,56.0,488.0,2458.0
8300,56.0,488.0,2458.0
8301,56.0,488.0,2458.0
8302,57.0,500.0,2498.0
8303,56.0,488.0,2458.0
8304,56.0,488.0,2458.0
8305,58.0,504.0,2522.0
8306,57.0,496.0,2482.0
8307,51.0,448.0,2282.0
8308,50.0,436.0,2162.0
8309,50.0,436.0,2162.0
8310,50.0,436.0,2162.0
8311,50.0,436.0,2162.0
8312,50.0,436.0,2162.0
8313,51.0,444.0,2202.0
8314,51.0,444.0,2202.0
8315,51.0,444.0,2202.0
8316,47.0,412.0,2058.0
8317,46.0,404.0,2018.0
8318,45.0,392.0,1978.0
8319,46.0,404.0,2018.0
8320,46.0,404.0,2018.0
8321,46.0,404.0,2018.0
8322,46.0,404.0,2018.0
8323,45.0,392.0,1978.0
8324,49.0,428.0,2130.0
8325,46.0,404.0,2034.0
8326,40.0,356.0,1810.0
8327,39.0,348.0,1770.0
8328,39.0,348.0,1770.0
8329,39.0,348.0,1770.0
8330,39.0,348.0,1770.0
8331,39.0,348.0,1770.0
8332,39.0,348.0,1770.0
8333,39.0,348.0,1770.0
8334,39.0,348.0,1770.0
8335,39.0,348.0,1770.0
8336,39.0,348.0,1770.0
8337,43.0,388.0,1970.0
8338,44.0,396.0,2010.0
8339,46.0,412.0,2090.0
8340,39.0,344.0,1770.0
8341,41.0,364.0,1850.0
8342,40.0,356.0,1810.0
8343,40.0,356.0,1810.0
8344,40.0,356.0,1810.0
8345,39.0,348.0,1770.0
8346,39.0,348.0,1770.0
8347,39.0,348.0,1770.0
8348,39.0,348.0,1770.0
8349,39.0,348.0,1770.0
8350,39.0,348.0,1770.0
8351,39.0,348.0,1770.0
8352,39.0,348.0,1770.0
8353,39.0,348.0,1770.0
8354,39.0,348.0,1770.0
8355,40.0,356.0,1802.0
8356,39.0,344.0,1762.0
8357,39.0,344.0,1762.0
8358,39.0,344.0,1762.0
8359,39.0,344.0,1762.0
8360,39.0,344.0,1762.0
8361,39.0,344.0,1762.0
8362,39.0,344.0,1762.0
8363,39.0,344.0,1762.0
8364,40.0,352.0,1802.0
8365,40.0,352.0,1802.0
8366,40.0,352.0,1802.0
8367,40.0,352.0,1802.0
8368,40.0,352.0,1802.0
8369,40.0,352.0,1802.0
8370,40.0,352.0,1802.0
8371,41.0,364.0,1842.0
8372,41.0,364.0,1842.0
8373,41.0,364.0,1842.0
8374,40.0,356.0,1810.0
8375,40.0,356.0,1810.0
8376,40.0,356.0,1810.0
8377,40.0,356.0,1810.0
8378,40.0,356.0,1810.0
8379,40.0,356.0,1810.0
8380,40.0,356.0,1810.0
8381,40.0,356.0,1810.0
8382,40.0,356.0,1810.0
8383,40.0,356.0,1810.0
8384,40.0,356.0,1810.0
8385,41.0,368.0,1850.0
8386,40.0,356.0,1810.0
8387,40.0,356.0,1810.0
8388,40.0,356.0,1810.0
8389,40.0,356.0,1810.0
8390,41.0,364.0,1850.0
8391,41.0,364.0,1850.0
8392,41.0,364.0,1850.0
8393,40.0,356.0,1810.0
8394,40.0,356.0,1810.0
8395,40.0,356.0,1810.0
8396,40.0,356.0,1810.0
8397,40.0,356.0,1810.0
8398,40.0,356.0,1810.0
8399,40.0,356.0,1810.0
8400,39.0,344.0,1770.0
8401,39.0,344.0,1770.0
8402,39.0,344.0,1770.0
8403,40.0,352.0,1810.0
8404,39.0,344.0,1770.0
8405,39.0,344.0,1770.0
8406,39.0,344.0,1770.0
8407,39.0,344.0,1770.0
8408,39.0,344.0,1770.0
8409,39.0,344.0,1770.0
8410,39.0,344.0,1770.0
8411,40.0,352.0,1810.0
8412,40.0,352.0,1810.0
8413,40.0,352.0,1810.0
8414,40.0,352.0,1810.0
8415,39.0,344.0,1770.0
8416,39.0,344.0,1770.0
8417,39.0,344.0,1770.0
8418,39.0,344.0,1770.0
8419,40.0,352.0,1802.0
8420,40.0,352.0,1802.0
8421,40.0,352.0,1802.0
8422,40.0,352.0,1802.0
8423,40.0,352.0,1802.0
8424,40.0,352.0,1802.0
8425,41.0,360.0,1842.0
8426,41.0,360.0,1842.0
8427,42.0,368.0,1882.0
8428,41.0,360.0,1842.0
8429,41.0,360.0,1842.0
8430,40.0,352.0,1802.0
8431,40.0,352.0,1802.0
8432,40.0,352.0,1802.0
8433,40.0,352.0,1802.0
8434,40.0,352.0,1802.0
8435,39.0,344.0,1770.0
8436,39.0,344.0,1770.0
8437,40.0,352.0,1810.0
8438,41.0,360.0,1842.0
8439,41.0,360.0,1842.0
8440,41.0,360.0,1842.0
8441,40.0,352.0,1802.0
8442,40.0,352.0,1802.0
8443,40.0,352.0,1802.0
8444,40.0,352.0,1802.0
8445,40.0,352.0,1802.0
8446,40.0,352.0,1802.0
8447,40.0,352.0,1802.0
8448,40.0,352.0,1802.0
8449,40.0,352.0,1802.0
8450,40.0,352.0,1802.0
8451,41.0,360.0,1834.0
8452,40.0,352.0,1802.0
8453,40.0,352.0,1802.0
8454,40.0,352.0,1802.0
8455,40.0,352.0,1802.0
8456,40.0,352.0,1802.0
8457,40.0,352.0,1802.0
8458,40.0,352.0,1802.0
8459,40.0,352.0,1802.0
8460,40.0,352.0,1802.0
8461,42.0,368.0,1882.0
8462,41.0,360.0,1842.0
8463,42.0,372.0,1882.0
8464,41.0,364.0,1842.0
8465,42.0,372.0,1874.0
8466,41.0,364.0,1842.0
8467,41.0,364.0,1842.0
8468,41.0,364.0,1842.0
8469,41.0,364.0,1842.0
8470,40.0,356.0,1810.0
8471,41.0,364.0,1842.0
8472,41.0,364.0,1842.0
8473,39.0,348.0,1762.0
8474,40.0,356.0,1802.0
8475,40.0,356.0,1802.0
8476,39.0,348.0,1762.0
8477,40.0,360.0,1802.0
8478,39.0,348.0,1762.0
8479,39.0,348.0,1762.0
8480,39.0,348.0,1762.0
8481,38.0,336.0,1722.0
8482,38.0,336.0,1722.0
8483,38.0,336.0,1722.0
8484,38.0,336.0,1722.0
8485,40.0,352.0,1794.0
8486,38.0,336.0,1722.0
8487,38.0,336.0,1722.0
8488,38.0,336.0,1722.0
8489,39.0,344.0,1754.0
8490,37.0,328.0,1682.0
8491,37.0,328.0,1682.0
8492,39.0,344.0,1754.0
8493,37.0,328.0,1682.0
8494,37.0,328.0,1682.0
8495,37.0,328.0,1682.0
8496,38.0,336.0,1714.0
8497,37.0,328.0,1682.0
8498,37.0,328.0,1682.0
8499,38.0,336.0,1714.0
8500,37.0,328.0,1682.0
8501,37.0,328.0,1682.0
8502,37.0,328.0,1682.0
8503,38.0,336.0,1714.0
8504,37.0,328.0,1682.0
8505,38.0,336.0,1722.0
8506,36.0,320.0,1642.0
8507,36.0,320.0,1634.0
8508,36.0,320.0,1642.0
8509,35.0,312.0,1602.0
8510,36.0,320.0,1634.0
8511,35.0,312.0,1602.0
8512,35.0,312.0,1602.0
8513,35.0,312.0,1602.0
8514,35.0,312.0,1602.0
8515,34.0,304.0,1570.0
8516,34.0,304.0,1570.0
8517,34.0,304.0,1570.0
8518,34.0,304.0,1570.0
8519,34.0,304.0,1570.0
8520,34.0,304.0,1570.0
8521,35.0,312.0,1610.0
8522,34.0,304.0,1570.0
8523,34.0,304.0,1570.0
8524,32.0,280.0,1450.0
8525,30.0,264.0,1370.0
8526,30.0,264.0,1370.0
8527,31.0,276.0,1410.0
8528,31.0,276.0,1410.0
8529,31.0,276.0,1410.0
8530,30.0,264.0,1370.0
8531,30.0,264.0,1370.0
8532,30.0,264.0,1370.0
8533,30.0,264.0,1370.0
8534,30.0,264.0,1370.0
8535,30.0,264.0,1370.0
8536,30.0,264.0,1370.0
8537,30.0,264.0,1370.0
8538,30.0,264.0,1370.0
8539,31.0,272.0,1410.0
8540,31.0,272.0,1410.0
8541,29.0,256.0,1338.0
8542,28.0,248.0,1298.0
8543,28.0,248.0,1298.0
8544,28.0,248.0,1298.0
8545,28.0,248.0,1298.0
8546,28.0,248.0,1298.0
8547,28.0,248.0,1298.0
8548,28.0,248.0,1298.0
8549,28.0,248.0,1298.0
8550,28.0,248.0,1298.0
8551,28.0,248.0,1298.0
8552,28.0,248.0,1298.0
8553,28.0,248.0,1298.0
8554,28.0,248.0,1298.0
8555,28.0,248.0,1298.0
8556,28.0,248.0,1298.0
8557,28.0,248.0,1298.0
8558,28.0,248.0,1298.0
8559,28.0,248.0,1298.0
8560,28.0,248.0,1298.0
8561,28.0,248.0,1298.0
8562,28.0,248.0,1298.0
8563,28.0,248.0,1298.0
8564,28.0,248.0,1298.0
8565,28.0,248.0,1298.0
8566,28.0,248.0,1298.0
8567,29.0,256.0,1338.0
8568,28.0,248.0,1298.0
8569,28.0,248.0,1298.0
8570,26.0,232.0,1208.0
8571,26.0,232.0,1208.0
8572,26.0,232.0,1208.0
8573,25.0,224.0,1168.0
8574,25.0,224.0,1160.0
8575,25.0,224.0,1160.0
8576,25.0,224.0,1160.0
8577,25.0,224.0,1160.0
8578,25.0,224.0,1160.0
8579,25.0,224.0,1160.0
8580,25.0,224.0,1160.0
8581,25.0,224.0,1160.0
8582,25.0,224.0,1160.0
8583,25.0,224.0,1160.0
8584,25.0,224.0,1160.0
8585,25.0,224.0,1160.0
8586,25.0,224.0,1160.0
8587,25.0,224.0,1160.0
8588,25.0,224.0,1160.0
8589,24.0,216.0,1128.0
8590,24.0,216.0,1128.0
8591,23.0,200.0,1048.0
8592,23.0,200.0,1048.0
8593,24.0,208.0,1088.0
8594,23.0,200.0,1048.0
8595,23.0,200.0,1048.0
8596,23.0,200.0,1048.0
8597,23.0,200.0,1048.0
8598,23.0,200.0,1048.0
8599,23.0,200.0,1048.0
8600,23.0,200.0,1048.0
8601,23.0,200.0,1048.0
8602,23.0,200.0,1048.0
8603,23.0,200.0,1048.0
8604,23.0,200.0,1048.0
8605,23.0,200.0,1048.0
8606,23.0,200.0,1048.0
8607,23.0,200.0,1048.0
8608,23.0,200.0,1048.0
8609,23.0,200.0,1048.0
8610,23.0,200.0,1048.0
8611,23.0,200.0,1048.0
8612,23.0,200.0,1048.0
8613,23.0,200.0,1048.0
8614,23.0,200.0,1048.0
8615,23.0,200.0,1048.0
8616,24.0,208.0,1088.0
8617,24.0,208.0,1088.0
8618,23.0,200.0,1048.0
8619,23.0,200.0,1048.0
8620,23.0,200.0,1048.0
8621,23.0,200.0,1048.0
8622,23.0,200.0,1048.0
8623,23.0,200.0,1048.0
8624,23.0,200.0,1048.0
8625,23.0,200.0,1048.0
8626,23.0,200.0,1048.0
8627,24.0,208.0,1080.0
8628,24.0,208.0,1080.0
8629,22.09090909090909,192.36363636363637,1014.5454545454545
8630,20.18181818181818,176.72727272727272,949.0909090909091
8631,18.272727272727273,161.0909090909091,883.6363636363636
8632,16.363636363636363,145.45454545454544,818.1818181818182
8633,14.454545454545453,129.8181818181818,752.7272727272727
8634,12.545454545454545,114.18181818181819,687.2727272727273
8635,10.636363636363637,98.54545454545455,621.8181818181818
8636,8.727272727272727,82.9090909090909,556.3636363636364
8637,6.818181818181817,67.27272727272728,490.9090909090909
8638,4.9090909090909065,51.636363636363626,425.4545454545455
8639,3.0,36.0,360.0
